name,studbook_id,padrillo,M,birth_eday,sex,PR,PS,PRS,lote,haras,Remate,Start,End,Source,link,age,yegua
ACCIONADO BOY,442211,SUGGESTIVE BOY,ACCIONADORA,2023-08-04,Male,0.61514914,0.069339961,0.042654417,10,La Esperanza,Gran Venta Haras La Esperanza,01-04-2025,01-04-2025,fallowremates,https://www.fallowremates.com/plataforma-remates/clientes/remates/listado/101,1,False
ALZEHBA (USA),378641,ELUSIVE QUALITY (USA),AQAARID (USA),2005-02-11,Female,0.45703974,0.071383357,0.032625031,29,Santa Ines,Gran Venta Anual Haras Santa Ines,25-03-2025,25-03-2025,fallowremates,https://www.fallowremates.com/plataforma-remates/clientes/remates/listado/102,20,True
ARISA,361310,ORPEN (USA),ASPEN DAYS,2016-09-04,Female,0.54918647,0.057519361,0.031588856,9,Santa Ines,Gran Venta Anual Haras Santa Ines,25-03-2025,25-03-2025,fallowremates,https://www.fallowremates.com/plataforma-remates/clientes/remates/listado/102,8,True
ART ACADEMY,422639,PUERTO ESCONDIDO,ARTISTICA,2020-10-03,Female,0.57151127,0.068280347,0.039022986,23,Santa Ines,Gran Venta Anual Haras Santa Ines,25-03-2025,25-03-2025,fallowremates,https://www.fallowremates.com/plataforma-remates/clientes/remates/listado/102,4,False
ASPEN ROSE,406834,JOHN F KENNEDY (IRE),ASPEN DAYS,2018-08-05,Female,0.64904004,0.088705078,0.057573147,19,Santa Ines,Gran Venta Anual Haras Santa Ines,25-03-2025,25-03-2025,fallowremates,https://www.fallowremates.com/plataforma-remates/clientes/remates/listado/102,6,True
BALANTRIA,421703,HURRICANE CAT (USA),BASKA HERMOSA,2020-08-24,Female,0.58849645,0.041821044,0.024611536,3,Santa Ines,Gran Venta Anual Haras Santa Ines,25-03-2025,25-03-2025,fallowremates,https://www.fallowremates.com/plataforma-remates/clientes/remates/listado/102,4,False
BASKA HERMOSA,266484,ENGRILLADO,DARK BEAUTY,2005-09-24,Female,0.54794079,0.028911134,0.01584159,25,Santa Ines,Gran Venta Anual Haras Santa Ines,25-03-2025,25-03-2025,fallowremates,https://www.fallowremates.com/plataforma-remates/clientes/remates/listado/102,19,True
BASKA LINDA,410451,EQUAL STRIPES,BASKA HERMOSA,2018-10-11,Female,0.46653545,0.032040186,0.014947883,10,Santa Ines,Gran Venta Anual Haras Santa Ines,25-03-2025,25-03-2025,fallowremates,https://www.fallowremates.com/plataforma-remates/clientes/remates/listado/102,6,True
CASSIA ANTICA,407284,CATCHER IN THE RYE (IRE),COSTA MAYA,2018-08-17,Female,0.57417625,0.038610104,0.022169005,12,Santa Ines,Gran Venta Anual Haras Santa Ines,25-03-2025,25-03-2025,fallowremates,https://www.fallowremates.com/plataforma-remates/clientes/remates/listado/102,6,True
EARLY TRIGGER,443768,COSMIC TRIGGER,EARLY START,2023-08-30,Male,0.58646029,0.035063323,0.020563247,1,La Esperanza,Gran Venta Haras La Esperanza,01-04-2025,01-04-2025,fallowremates,https://www.fallowremates.com/plataforma-remates/clientes/remates/listado/101,1,False
EJECUTORA,445788,FORGE (GB),ESPECULADORA,2023-10-03,Female,0.58617669,0.028671011,0.016806278,16,La Esperanza,Gran Venta Haras La Esperanza,01-04-2025,01-04-2025,fallowremates,https://www.fallowremates.com/plataforma-remates/clientes/remates/listado/101,1,False
EL GUIONISTA,443767,CITYSCAPE (GB),ENMENDADORA,2023-08-24,Male,0.6610043,0.062139258,0.041074317,9,La Esperanza,Gran Venta Haras La Esperanza,01-04-2025,01-04-2025,fallowremates,https://www.fallowremates.com/plataforma-remates/clientes/remates/listado/101,1,False
ELEVADISIMO,442209,SUGGESTIVE BOY,ELEGANTE PRINCESA,2023-07-26,Male,0.5738228,0.060945649,0.034972001,7,La Esperanza,Gran Venta Haras La Esperanza,01-04-2025,01-04-2025,fallowremates,https://www.fallowremates.com/plataforma-remates/clientes/remates/listado/101,1,False
ENUNCIATIVA,415775,FORTIFY (USA),ENUNCIADA,2019-09-02,Female,0.60987908,0.037519898,0.022882601,2,Santa Ines,Gran Venta Anual Haras Santa Ines,25-03-2025,25-03-2025,fallowremates,https://www.fallowremates.com/plataforma-remates/clientes/remates/listado/102,5,True
EPIK GIRL,442212,SUGGESTIVE BOY,EPIKA,2023-08-08,Female,0.4886938,0.035383292,0.017291596,11,La Esperanza,Gran Venta Haras La Esperanza,01-04-2025,01-04-2025,fallowremates,https://www.fallowremates.com/plataforma-remates/clientes/remates/listado/101,1,False
ESLOVENIA,416283,HURRICANE CAT (USA),ANNABELLE (USA),2019-09-12,Female,0.59727323,0.042294461,0.02526135,6,Santa Ines,Gran Venta Anual Haras Santa Ines,25-03-2025,25-03-2025,fallowremates,https://www.fallowremates.com/plataforma-remates/clientes/remates/listado/102,5,True
ESTRUENDO,442210,TREASURE BEACH (GB),ESTIMADORA,2023-08-01,Male,0.68540055,0.050060179,0.034311272,4,La Esperanza,Gran Venta Haras La Esperanza,01-04-2025,01-04-2025,fallowremates,https://www.fallowremates.com/plataforma-remates/clientes/remates/listado/101,1,False
FIDENZA,431544,PUERTO ESCONDIDO,POLOMA (USA),2021-10-21,Female,0.57006031,0.040557891,0.023120444,22,Santa Ines,Gran Venta Anual Haras Santa Ines,25-03-2025,25-03-2025,fallowremates,https://www.fallowremates.com/plataforma-remates/clientes/remates/listado/102,3,False
FOR MY LADY,344592,CATCHER IN THE RYE (IRE),FOREVER INDY (USA),2014-09-13,Female,0.47450051,0.03251037,0.015426187,13,Santa Ines,Gran Venta Anual Haras Santa Ines,25-03-2025,25-03-2025,fallowremates,https://www.fallowremates.com/plataforma-remates/clientes/remates/listado/102,10,True
HALLOWEEN NIGHT,326590,JUMP START (USA),HALLOWEEN DANCE (USA),2012-09-11,Female,0.64612931,0.096205123,0.06216095,20,Santa Ines,Gran Venta Anual Haras Santa Ines,25-03-2025,25-03-2025,fallowremates,https://www.fallowremates.com/plataforma-remates/clientes/remates/listado/102,12,True
ICE STAR,445795,NICHOLAS,ICY GIRL,2023-10-16,Male,0.5700838,0.032093059,0.018295733,18,La Esperanza,Gran Venta Haras La Esperanza,01-04-2025,01-04-2025,fallowremates,https://www.fallowremates.com/plataforma-remates/clientes/remates/listado/101,1,False
IN YOUR MIND,445793,PNEUMATIC (USA),INDIA DEL NORTE,2023-10-11,Male,0.66693348,0.032518514,0.021687685,8,La Esperanza,Gran Venta Haras La Esperanza,01-04-2025,01-04-2025,fallowremates,https://www.fallowremates.com/plataforma-remates/clientes/remates/listado/101,1,False
JOYA GAUCHA,347989,EXCHANGE RATE (USA),JOYA SURERA,2014-10-19,Female,0.62647074,0.033190813,0.020793073,11,Santa Ines,Gran Venta Anual Haras Santa Ines,25-03-2025,25-03-2025,fallowremates,https://www.fallowremates.com/plataforma-remates/clientes/remates/listado/102,10,True
KATALIN,427184,IL CAMPIONE (CHI),KATY ROSE,2021-07-06,Female,0.70540267,0.075869367,0.053518455,16,Santa Ines,Gran Venta Anual Haras Santa Ines,25-03-2025,25-03-2025,fallowremates,https://www.fallowremates.com/plataforma-remates/clientes/remates/listado/102,3,False
LA COMPADRADA,258514,POTRILLON,LA PORTEÑA,2004-10-01,Female,0.51907068,0.015102793,0.0078394171,30,Santa Ines,Gran Venta Anual Haras Santa Ines,25-03-2025,25-03-2025,fallowremates,https://www.fallowremates.com/plataforma-remates/clientes/remates/listado/102,20,True
LA REPRISE,400729,ORPEN (USA),LA COMPADRADA,2017-09-21,Female,0.62227333,0.069722347,0.043386355,14,Santa Ines,Gran Venta Anual Haras Santa Ines,25-03-2025,25-03-2025,fallowremates,https://www.fallowremates.com/plataforma-remates/clientes/remates/listado/102,7,True
LARIANA,360382,EXCHANGE RATE (USA),LUNA LIBRE,2016-08-24,Female,0.54320472,0.054521091,0.029616114,18,Santa Ines,Gran Venta Anual Haras Santa Ines,25-03-2025,25-03-2025,fallowremates,https://www.fallowremates.com/plataforma-remates/clientes/remates/listado/102,8,True
LATERAL SCAPE,445789,CITYSCAPE (GB),LA VENTURANZA,2023-10-06,Male,0.67834616,0.055170383,0.037424617,6,La Esperanza,Gran Venta Haras La Esperanza,01-04-2025,01-04-2025,fallowremates,https://www.fallowremates.com/plataforma-remates/clientes/remates/listado/101,1,False
LICITADOR,443780,FORGE (GB),LITURGIA ASIATICA,2023-09-24,Male,0.66028166,0.023118813,0.015264928,13,La Esperanza,Gran Venta Haras La Esperanza,01-04-2025,01-04-2025,fallowremates,https://www.fallowremates.com/plataforma-remates/clientes/remates/listado/101,1,False
LITIGADA,445790,SEÑOR CANDY (USA),LUMINOSA ES,2023-10-11,Female,0.60472059,0.027930912,0.016890397,5,La Esperanza,Gran Venta Haras La Esperanza,01-04-2025,01-04-2025,fallowremates,https://www.fallowremates.com/plataforma-remates/clientes/remates/listado/101,1,False
MAGNETIC FILLY,267984,ORPEN (USA),MELCA,2005-11-09,Female,0.53623116,0.028827652,0.015458286,27,Santa Ines,Gran Venta Anual Haras Santa Ines,25-03-2025,25-03-2025,fallowremates,https://www.fallowremates.com/plataforma-remates/clientes/remates/listado/102,19,True
MARINA BEACH,422346,HI HAPPY,MARINA AZUL,2020-09-28,Female,0.50373632,0.067662016,0.034083813,15,Santa Ines,Gran Venta Anual Haras Santa Ines,25-03-2025,25-03-2025,fallowremates,https://www.fallowremates.com/plataforma-remates/clientes/remates/listado/102,4,False
MERHAVIA,423206,PUERTO ESCONDIDO,MACAMBARA,2020-08-01,Female,0.47192082,0.049225852,0.023230704,24,Santa Ines,Gran Venta Anual Haras Santa Ines,25-03-2025,25-03-2025,fallowremates,https://www.fallowremates.com/plataforma-remates/clientes/remates/listado/102,4,False
MISS ALLURE,405985,EQUAL STRIPES,MISS CHIC,2018-07-17,Female,0.57891965,0.035688549,0.020660803,4,Santa Ines,Gran Venta Anual Haras Santa Ines,25-03-2025,25-03-2025,fallowremates,https://www.fallowremates.com/plataforma-remates/clientes/remates/listado/102,6,True
QUEEN ARETHA,414217,IL CAMPIONE (CHI),QUEEN HALO,2019-07-26,Female,0.6799258,0.060816672,0.041350823,5,Santa Ines,Gran Venta Anual Haras Santa Ines,25-03-2025,25-03-2025,fallowremates,https://www.fallowremates.com/plataforma-remates/clientes/remates/listado/102,5,True
QUEEN DARIA,413949,IL CAMPIONE (CHI),QUEEN DORIA,2019-07-25,Female,0.67755145,0.043610841,0.029548589,7,Santa Ines,Gran Venta Anual Haras Santa Ines,25-03-2025,25-03-2025,fallowremates,https://www.fallowremates.com/plataforma-remates/clientes/remates/listado/102,5,True
QUEEN HAYFA,419269,EQUAL STRIPES,QUEEN NOOR,2019-11-17,Female,0.45092535,0.013909416,0.0062721083,8,Santa Ines,Gran Venta Anual Haras Santa Ines,25-03-2025,25-03-2025,fallowremates,https://www.fallowremates.com/plataforma-remates/clientes/remates/listado/102,5,True
QUEEN NOOR,276931,SOUTHERN HALO (USA),QUENDOM,2006-10-26,Female,0.53074068,0.054779883,0.029073913,28,Santa Ines,Gran Venta Anual Haras Santa Ines,25-03-2025,25-03-2025,fallowremates,https://www.fallowremates.com/plataforma-remates/clientes/remates/listado/102,18,True
SAHARAN STAR,442214,LUCULLAN (USA),SAHARAN LADY,2023-08-14,Male,0.61818236,0.05018241,0.03102188,15,La Esperanza,Gran Venta Haras La Esperanza,01-04-2025,01-04-2025,fallowremates,https://www.fallowremates.com/plataforma-remates/clientes/remates/listado/101,1,False
SANSA,443770,NICHOLAS,SASSY DUBAI,2023-09-08,Female,0.55810219,0.054731611,0.030545833,12,La Esperanza,Gran Venta Haras La Esperanza,01-04-2025,01-04-2025,fallowremates,https://www.fallowremates.com/plataforma-remates/clientes/remates/listado/101,1,False
SARAGOSSA CANDY,442216,SEÑOR CANDY (USA),SARAGOSSA,2023-08-16,Female,0.60708952,0.054829691,0.033286531,3,La Esperanza,Gran Venta Haras La Esperanza,01-04-2025,01-04-2025,fallowremates,https://www.fallowremates.com/plataforma-remates/clientes/remates/listado/101,1,False
SHERAH,363190,EXCHANGE RATE (USA),SIFRA,2016-09-30,Female,0.66738117,0.048327181,0.032252651,17,Santa Ines,Gran Venta Anual Haras Santa Ines,25-03-2025,25-03-2025,fallowremates,https://www.fallowremates.com/plataforma-remates/clientes/remates/listado/102,8,True
SIBERIAN ROSE,306506,EXCHANGE RATE (USA),SIBERINA,2010-08-05,Female,0.56474853,0.05672361,0.032034576,21,Santa Ines,Gran Venta Anual Haras Santa Ines,25-03-2025,25-03-2025,fallowremates,https://www.fallowremates.com/plataforma-remates/clientes/remates/listado/102,14,True
SIFRA,277380,SOUTHERN HALO (USA),MY PALESTINA,2006-10-20,Female,0.68668115,0.063002497,0.043262627,26,Santa Ines,Gran Venta Anual Haras Santa Ines,25-03-2025,25-03-2025,fallowremates,https://www.fallowremates.com/plataforma-remates/clientes/remates/listado/102,18,True
SOUND LADY,443381,NICHOLAS,SAGADORA,2023-08-15,Female,0.50990111,0.034140486,0.017408272,17,La Esperanza,Gran Venta Haras La Esperanza,01-04-2025,01-04-2025,fallowremates,https://www.fallowremates.com/plataforma-remates/clientes/remates/listado/101,1,False
SOÑADORA CANDY,443769,SEÑOR CANDY (USA),SANAMIA,2023-09-04,Female,0.52502733,0.067801572,0.035597678,2,La Esperanza,Gran Venta Haras La Esperanza,01-04-2025,01-04-2025,fallowremates,https://www.fallowremates.com/plataforma-remates/clientes/remates/listado/101,1,False
SPICY LADY,443379,NICHOLAS,SPICE LADY,2023-07-20,Female,0.54916561,0.044820216,0.024613721,14,La Esperanza,Gran Venta Haras La Esperanza,01-04-2025,01-04-2025,fallowremates,https://www.fallowremates.com/plataforma-remates/clientes/remates/listado/101,1,False
TWEEDIA,423662,FORTIFY (USA),TWILA,2020-08-27,Female,0.66965473,0.043577321,0.02918176,1,Santa Ines,Gran Venta Anual Haras Santa Ines,25-03-2025,25-03-2025,fallowremates,https://www.fallowremates.com/plataforma-remates/clientes/remates/listado/102,4,False
A HI DAY,441697,HI HAPPY,ASPEN DAYS,2023-07-15,Female,0.5319854,0.13808057,0.073456846,53,ABOLENGO,Haras ABOLENGO,06-04-2025,08-04-2025,argsales,https://arg-sales.com//remates/view/344,1,False
ABRAZADORA,447011,SOVEREIGN (IRE),ABIDE (FR),2023-10-08,Female,0.69052875,0.044410069,0.03066643,47,EL MALLIN,COPA BULLRICH ABRIL . 14h,10/04/2025,10/04/2025,bullrich,https://antoniobullrich.com//remates/copa-bullrich-abril-14h/lotes,1,False
AKI,445321,CIMA DE TRIOMPHE (IRE),ACCESS CODE (USA),2023-10-20,Male,0.65398109,0.095248975,0.06229103,34,EL MALLIN,COPA BULLRICH ABRIL . 14h,10/04/2025,10/04/2025,bullrich,https://antoniobullrich.com//remates/copa-bullrich-abril-14h/lotes,1,False
ALDEA BOMB,413415,HIT IT A BOMB (USA),ALDEA NISTEL,2019-07-17,Female,0.70504695,0.18744631,0.13215844,1,FIRMAMENTO,REMATE DE YEGUAS MADRES - FIRMAMENTO Y LA PASION . 14h,27/03/2025,27/03/2025,bullrich,https://antoniobullrich.com//remates/remate-de-yeguas-madres-firmamento-y-la-pasion-14h/lotes,5,True
ALGO DIFERENTE,442099,FORTIFY (USA),ALBERETA,2023-08-04,Male,0.66327459,0.13852122,0.091877609,16,VACACION,Haras VACACION,26-03-2025,29-03-2025,argsales,https://arg-sales.com//remates/view/342,1,False
AMIGA VERDADERA,446560,FULL MAST (USA),AMIGA DEL CORAZON,2023-10-12,Female,0.61822116,0.090471402,0.055931333,30,VACACION,Haras VACACION,26-03-2025,29-03-2025,argsales,https://arg-sales.com//remates/view/342,1,False
ANTOLINA,441601,REMOTE (GB),AMOR DE VERDAD,2023-07-10,Female,0.532915,0.061155587,0.032590728,57,VACACION,Haras VACACION,26-03-2025,29-03-2025,argsales,https://arg-sales.com//remates/view/342,1,False
ARDE LA CIUDAD,327096,STORMY ATLANTIC (USA),ARDE TROYA,2012-10-01,Female,0.5548088,0.065281712,0.036218867,2,LA PASION,REMATE DE YEGUAS MADRES - FIRMAMENTO Y LA PASION . 14h,27/03/2025,27/03/2025,bullrich,https://antoniobullrich.com//remates/remate-de-yeguas-madres-firmamento-y-la-pasion-14h/lotes,12,True
ARTIGLIARI,408644,EASING ALONG (USA),AFRIKANA,2018-09-27,Female,0.53965807,0.047295138,0.025523202,3,LA PASION,REMATE DE YEGUAS MADRES - FIRMAMENTO Y LA PASION . 14h,27/03/2025,27/03/2025,bullrich,https://antoniobullrich.com//remates/remate-de-yeguas-madres-firmamento-y-la-pasion-14h/lotes,6,True
ARZABAL,441837,FORTIFY (USA),AYRA,2023-07-30,Male,0.6532132,0.18587366,0.12141513,4,VACACION,Haras VACACION,26-03-2025,29-03-2025,argsales,https://arg-sales.com//remates/view/342,1,False
ASPERO,445493,NICHOLAS,RISPIDA,2023-09-25,Male,0.54160851,0.031159081,0.016876023,50,EL MALLIN,COPA BULLRICH ABRIL . 14h,10/04/2025,10/04/2025,bullrich,https://antoniobullrich.com//remates/copa-bullrich-abril-14h/lotes,1,False
ASTRONOMIST,445908,DANIEL BOONE (BRZ),AT THE MAIL,2023-10-03,Female,0.57199776,0.060698334,0.034719311,16,SANTA MARIA DE ARARAS,Haras SANTA MARIA DE ARARAS,10-04-2025,13-04-2025,argsales,https://arg-sales.com//remates/view/345,1,False
BAD BOY,444414,TREASURE BEACH (GB),BARAHONA,2023-09-15,Male,0.67013937,0.055527046,0.037210859,38,VACACION,Haras VACACION,26-03-2025,29-03-2025,argsales,https://arg-sales.com//remates/view/342,1,False
BAMBI BEACH,443918,TREASURE BEACH (GB),BAMBI MIA,2023-09-09,Female,0.38393795,0.028353907,0.010886141,56,ABOLENGO,Haras ABOLENGO,06-04-2025,08-04-2025,argsales,https://arg-sales.com//remates/view/344,1,False
BARBARA GIRL,445123,COSMIC TRIGGER,BARCELONA GIRL,2023-10-03,Female,0.41779855,0.027810136,0.011619034,58,ABOLENGO,Haras ABOLENGO,06-04-2025,08-04-2025,argsales,https://arg-sales.com//remates/view/344,1,False
BARBIE MARGOT,441693,PNEUMATIC (USA),BARBIE GIRL,2023-07-12,Female,0.58576387,0.10378156,0.060791489,19,ABOLENGO,Haras ABOLENGO,06-04-2025,08-04-2025,argsales,https://arg-sales.com//remates/view/344,1,False
BEAUTIFUL MIND,444094,IL MERCATO,ROMAN HOLIDAY,2023-09-03,Male,0.73386717,0.049555324,0.036367025,51,EL MALLIN,COPA BULLRICH ABRIL . 14h,10/04/2025,10/04/2025,bullrich,https://antoniobullrich.com//remates/copa-bullrich-abril-14h/lotes,1,False
BESUQUEIRA,323557,ZENSATIONAL (USA),STORMY BEAM,2012-07-02,Female,0.65147555,0.058654394,0.038211904,4,LA PASION,REMATE DE YEGUAS MADRES - FIRMAMENTO Y LA PASION . 14h,27/03/2025,27/03/2025,bullrich,https://antoniobullrich.com//remates/remate-de-yeguas-madres-firmamento-y-la-pasion-14h/lotes,12,True
BLACK BOY,441694,DADDY LONG LEGS (USA),BLACK SILKS,2023-07-13,Male,0.67452168,0.086327203,0.058229569,45,ABOLENGO,Haras ABOLENGO,06-04-2025,08-04-2025,argsales,https://arg-sales.com//remates/view/344,1,False
BOBBY CHARLTON,448233,NICHOLAS,DIXIE MANIA,2023-09-20,Male,0.52701652,0.015776796,0.0083146319,45,EL MALLIN,COPA BULLRICH ABRIL . 14h,10/04/2025,10/04/2025,bullrich,https://antoniobullrich.com//remates/copa-bullrich-abril-14h/lotes,1,False
BOHEMIA KISS,447376,DANIEL BOONE (BRZ),BUTTERFLY KISS,2023-10-13,Female,0.56444734,0.054676969,0.03086227,28,SANTA MARIA DE ARARAS,Haras SANTA MARIA DE ARARAS,10-04-2025,13-04-2025,argsales,https://arg-sales.com//remates/view/345,1,False
BOMBA CURSI,405920,HIT IT A BOMB (USA),CURSI NISTEL,2018-07-05,Female,0.69547987,0.13855831,0.09636452,5,FIRMAMENTO,REMATE DE YEGUAS MADRES - FIRMAMENTO Y LA PASION . 14h,27/03/2025,27/03/2025,bullrich,https://antoniobullrich.com//remates/remate-de-yeguas-madres-firmamento-y-la-pasion-14h/lotes,6,True
BON JOURNE,442693,TREASURE BEACH (GB),BEAUTY MUSIC,2023-08-10,Male,0.71382511,0.057234298,0.040855277,46,VACACION,Haras VACACION,26-03-2025,29-03-2025,argsales,https://arg-sales.com//remates/view/342,1,False
BONUS TRACK,442940,TREASURE BEACH (GB),BONICA NOIA,2023-08-21,Male,0.69805557,0.081295595,0.056748841,29,ABOLENGO,Haras ABOLENGO,06-04-2025,08-04-2025,argsales,https://arg-sales.com//remates/view/344,1,False
BOU SIGEN,426515,SEAHENGE (USA),BOUCLETTE NISTEL,2021-07-02,Female,0.740345,0.11722552,0.086787328,6,FIRMAMENTO,REMATE DE YEGUAS MADRES - FIRMAMENTO Y LA PASION . 14h,27/03/2025,27/03/2025,bullrich,https://antoniobullrich.com//remates/remate-de-yeguas-madres-firmamento-y-la-pasion-14h/lotes,3,False
BUEN BLUES,441817,LE BLUES,BORISHCA,2023-07-29,Male,0.6927402,0.05079161,0.035185389,52,VACACION,Haras VACACION,26-03-2025,29-03-2025,argsales,https://arg-sales.com//remates/view/342,1,False
BURBUJAS DE AMOR,443523,CITYSCAPE (GB),BASTILLANA,2023-09-03,Female,0.61303741,0.074713588,0.045802224,33,VACACION,Haras VACACION,26-03-2025,29-03-2025,argsales,https://arg-sales.com//remates/view/342,1,False
CAMBIA Y JUEGA,405880,VIOLENCE (USA),CAMBIO Y FUERA,2018-07-25,Female,0.60903794,0.046261515,0.028175019,7,LA PASION,REMATE DE YEGUAS MADRES - FIRMAMENTO Y LA PASION . 14h,27/03/2025,27/03/2025,bullrich,https://antoniobullrich.com//remates/remate-de-yeguas-madres-firmamento-y-la-pasion-14h/lotes,6,True
CAMBIO RADICAL,447001,SOVEREIGN (IRE),POORLITTLEBRIDGETT (USA),2023-08-13,Male,0.73295045,0.046238977,0.033890881,12,EL MALLIN,COPA BULLRICH ABRIL . 14h,10/04/2025,10/04/2025,bullrich,https://antoniobullrich.com//remates/copa-bullrich-abril-14h/lotes,1,False
CANDY MACHINE,443912,PNEUMATIC (USA),CANDYDACY,2023-09-04,Female,0.5187965,0.035920419,0.018635388,62,ABOLENGO,Haras ABOLENGO,06-04-2025,08-04-2025,argsales,https://arg-sales.com//remates/view/344,1,False
CANDY MO,441689,PNEUMATIC (USA),CITY AND THE SEX,2023-07-11,Male,0.64076239,0.11829639,0.075799882,22,ABOLENGO,Haras ABOLENGO,06-04-2025,08-04-2025,argsales,https://arg-sales.com//remates/view/344,1,False
CARAMELLA,442072,PNEUMATIC (USA),CARAMELIZA,2023-07-21,Female,0.59426653,0.10207343,0.060658824,11,ABOLENGO,Haras ABOLENGO,06-04-2025,08-04-2025,argsales,https://arg-sales.com//remates/view/344,1,False
CARE FOR DADDY,442621,DADDY LONG LEGS (USA),CARE FOR,2023-08-14,Male,0.61459792,0.1327012,0.081557885,3,ABOLENGO,Haras ABOLENGO,06-04-2025,08-04-2025,argsales,https://arg-sales.com//remates/view/344,1,False
CARISIMA EMPER,305468,EMPEROR JONES (USA),CARA Y LINDA,2010-07-23,Female,0.67916703,0.097379185,0.066136733,8,FIRMAMENTO,REMATE DE YEGUAS MADRES - FIRMAMENTO Y LA PASION . 14h,27/03/2025,27/03/2025,bullrich,https://antoniobullrich.com//remates/remate-de-yeguas-madres-firmamento-y-la-pasion-14h/lotes,14,True
CARMELO TONY,446094,EQUAL STRIPES,CARMELINDA,2023-10-24,Male,0.4312374,0.051180568,0.022070974,14,ABOLENGO,Haras ABOLENGO,06-04-2025,08-04-2025,argsales,https://arg-sales.com//remates/view/344,1,False
CASANDRIA,442097,LE BLUES,CALBESIA,2023-08-03,Female,0.54183221,0.0409243,0.022174103,43,VACACION,Haras VACACION,26-03-2025,29-03-2025,argsales,https://arg-sales.com//remates/view/342,1,False
CATTO,443486,DADDY LONG LEGS (USA),CATY SOUL,2023-08-29,Male,0.58628869,0.090004988,0.052768905,24,ABOLENGO,Haras ABOLENGO,06-04-2025,08-04-2025,argsales,https://arg-sales.com//remates/view/344,1,False
CELINE STYLE,445442,EQUAL STRIPES,CECIL ASPEN,2023-10-15,Female,0.47467196,0.033529714,0.015915615,48,ABOLENGO,Haras ABOLENGO,06-04-2025,08-04-2025,argsales,https://arg-sales.com//remates/view/344,1,False
CHELA,442627,COSMIC TRIGGER,CHARLOTTE CHANTAL,2023-08-12,Female,0.52820873,0.029825743,0.015754217,23,ABOLENGO,Haras ABOLENGO,06-04-2025,08-04-2025,argsales,https://arg-sales.com//remates/view/344,1,False
CHESTER,441795,DADDY LONG LEGS (USA),CHARMING PRINCESS,2023-07-21,Male,0.64859718,0.055321906,0.035881631,7,EL CHANAR,COPA BULLRICH ABRIL . 14h,10/04/2025,10/04/2025,bullrich,https://antoniobullrich.com//remates/copa-bullrich-abril-14h/lotes,1,False
CIMENTADO,445911,DANIEL BOONE (BRZ),CINCIDELLA,2023-10-09,Male,0.63859433,0.084389515,0.053890664,19,SANTA MARIA DE ARARAS,Haras SANTA MARIA DE ARARAS,10-04-2025,13-04-2025,argsales,https://arg-sales.com//remates/view/345,1,False
CITA PERFECTA,447012,SOVEREIGN (IRE),SAVE THE DATE,2023-10-16,Female,0.65163255,0.12344574,0.080441266,4,EL MALLIN,COPA BULLRICH ABRIL . 14h,10/04/2025,10/04/2025,bullrich,https://antoniobullrich.com//remates/copa-bullrich-abril-14h/lotes,1,False
CITY LION (USA),286515,LION HEART,CITY HYLTON,2006-02-11,Female,0.65957779,0.046934105,0.030956693,9,LA PASION,REMATE DE YEGUAS MADRES - FIRMAMENTO Y LA PASION . 14h,27/03/2025,27/03/2025,bullrich,https://antoniobullrich.com//remates/remate-de-yeguas-madres-firmamento-y-la-pasion-14h/lotes,19,True
CITY MAP,328180,ZENSATIONAL (USA),CITY LION (USA),2012-10-08,Female,0.68754572,0.044728454,0.030752856,10,LA PASION,REMATE DE YEGUAS MADRES - FIRMAMENTO Y LA PASION . 14h,27/03/2025,27/03/2025,bullrich,https://antoniobullrich.com//remates/remate-de-yeguas-madres-firmamento-y-la-pasion-14h/lotes,12,True
CITY QUEEN,444288,EQUAL STRIPES,LEMONCELLA,2023-09-19,Female,0.3734563,0.043380532,0.016200732,9,ABOLENGO,Haras ABOLENGO,06-04-2025,08-04-2025,argsales,https://arg-sales.com//remates/view/344,1,False
CLASSY WOMAN,442276,TREASURE BEACH (GB),CALDESIA,2023-08-06,Female,0.54104733,0.04929157,0.026669072,65,ABOLENGO,Haras ABOLENGO,06-04-2025,08-04-2025,argsales,https://arg-sales.com//remates/view/344,1,False
CLAUDE MONET,444082,SOVEREIGN (IRE),LA PIAFF,2023-07-25,Male,0.81970173,0.0837235,0.068628296,36,EL MALLIN,COPA BULLRICH ABRIL . 14h,10/04/2025,10/04/2025,bullrich,https://antoniobullrich.com//remates/copa-bullrich-abril-14h/lotes,1,False
COCOQ,430060,IL MERCATO,CITY MAP,2021-09-28,Female,0.63624614,0.035351459,0.02249223,11,LA PASION,REMATE DE YEGUAS MADRES - FIRMAMENTO Y LA PASION . 14h,27/03/2025,27/03/2025,bullrich,https://antoniobullrich.com//remates/remate-de-yeguas-madres-firmamento-y-la-pasion-14h/lotes,3,False
COLORADO EL UNO,445320,CIMA DE TRIOMPHE (IRE),CRYSTAL IN ASPEN,2023-10-14,Male,0.66983062,0.084349781,0.056500066,32,LA LEYENDA,COPA BULLRICH ABRIL . 14h,10/04/2025,10/04/2025,bullrich,https://antoniobullrich.com//remates/copa-bullrich-abril-14h/lotes,1,False
CONSTANTINO KING,447395,DANIEL BOONE (BRZ),CARTA PATENTE,2023-10-27,Male,0.66510844,0.095820785,0.063731216,4,SANTA MARIA DE ARARAS,Haras SANTA MARIA DE ARARAS,10-04-2025,13-04-2025,argsales,https://arg-sales.com//remates/view/345,1,False
CONTESSA MATIC,442289,PNEUMATIC (USA),CONTESSA LINDA,2023-07-29,Female,0.64992917,0.079006307,0.051348504,38,ABOLENGO,Haras ABOLENGO,06-04-2025,08-04-2025,argsales,https://arg-sales.com//remates/view/344,1,False
COOL BRO,443536,PNEUMATIC (USA),COOL SITE,2023-08-30,Male,0.64401859,0.11026113,0.071010217,2,ABOLENGO,Haras ABOLENGO,06-04-2025,08-04-2025,argsales,https://arg-sales.com//remates/view/344,1,False
COPERNICANA,445317,STORM EMBRUJADO,COPPER,2023-10-11,Female,0.39508876,0.049327377,0.019488692,42,LA LEYENDA,COPA BULLRICH ABRIL . 14h,10/04/2025,10/04/2025,bullrich,https://antoniobullrich.com//remates/copa-bullrich-abril-14h/lotes,1,False
COQUET HIT,430113,HIT IT A BOMB (USA),GRAND COQUETTE,2021-10-04,Female,0.77270997,0.11678114,0.090237953,11,FIRMAMENTO,VENTA TRAINING - HARAS FIRMAMENTO . 18h,31/03/2025,31/03/2025,bullrich,https://antoniobullrich.com//remates/venta-training-haras-firmamento-18h/lotes,3,False
CUANTICA,257720,INTERPRETE,CUPULA,2004-09-08,Female,0.51383179,0.032797858,0.016852582,12,LA PASION,REMATE DE YEGUAS MADRES - FIRMAMENTO Y LA PASION . 14h,27/03/2025,27/03/2025,bullrich,https://antoniobullrich.com//remates/remate-de-yeguas-madres-firmamento-y-la-pasion-14h/lotes,20,True
CUERDA,444674,SOVEREIGN (IRE),TOCADA MAL,2023-09-12,Female,0.71420461,0.036702041,0.026212767,41,EL MALLIN,COPA BULLRICH ABRIL . 14h,10/04/2025,10/04/2025,bullrich,https://antoniobullrich.com//remates/copa-bullrich-abril-14h/lotes,1,False
CUIDADIOSA,359485,CAMPANOLOGIST (USA),CUIDADOSA HALO,2016-08-02,Female,0.64178997,0.096624389,0.062012564,13,FIRMAMENTO,REMATE DE YEGUAS MADRES - FIRMAMENTO Y LA PASION . 14h,27/03/2025,27/03/2025,bullrich,https://antoniobullrich.com//remates/remate-de-yeguas-madres-firmamento-y-la-pasion-14h/lotes,8,True
DAKOTA BOONE,445898,DANIEL BOONE (BRZ),DISNEY QUEEN,2023-09-28,Female,0.6232295,0.062619813,0.039026514,6,SANTA MARIA DE ARARAS,Haras SANTA MARIA DE ARARAS,10-04-2025,13-04-2025,argsales,https://arg-sales.com//remates/view/345,1,False
DANDY BOY,443478,EQUAL STRIPES,DANCE ON THE SEA,2023-08-26,Male,0.55420876,0.078284688,0.043386061,21,ABOLENGO,Haras ABOLENGO,06-04-2025,08-04-2025,argsales,https://arg-sales.com//remates/view/344,1,False
DAY LEWIS,446999,SOVEREIGN (IRE),LA MAS POSH,2023-10-12,Male,0.63246238,0.019490454,0.012326979,31,EL MALLIN,COPA BULLRICH ABRIL . 14h,10/04/2025,10/04/2025,bullrich,https://antoniobullrich.com//remates/copa-bullrich-abril-14h/lotes,1,False
DE GAULLE,446998,SOVEREIGN (IRE),UNE DAME,2023-10-12,Male,0.58078092,0.034292664,0.019916525,40,EL MALLIN,COPA BULLRICH ABRIL . 14h,10/04/2025,10/04/2025,bullrich,https://antoniobullrich.com//remates/copa-bullrich-abril-14h/lotes,1,False
DELICADA GLORY,307429,HONOUR AND GLORY (USA),DISTINGUIDA FITZ,2010-09-06,Female,0.79051888,0.055759247,0.044078737,14,FIRMAMENTO,REMATE DE YEGUAS MADRES - FIRMAMENTO Y LA PASION . 14h,27/03/2025,27/03/2025,bullrich,https://antoniobullrich.com//remates/remate-de-yeguas-madres-firmamento-y-la-pasion-14h/lotes,14,True
DEVOTIONAL,323890,STORMY ATLANTIC (USA),DEVOTION UNBRIDLED (USA),2012-08-03,Female,0.37334007,0.058863975,0.021976281,15,LA PASION,REMATE DE YEGUAS MADRES - FIRMAMENTO Y LA PASION . 14h,27/03/2025,27/03/2025,bullrich,https://antoniobullrich.com//remates/remate-de-yeguas-madres-firmamento-y-la-pasion-14h/lotes,12,True
DIFFERENT STRIPES,442270,EQUAL STRIPES,DIFFERENT RULE,2023-08-01,Male,0.61855298,0.11670144,0.072186023,37,ABOLENGO,Haras ABOLENGO,06-04-2025,08-04-2025,argsales,https://arg-sales.com//remates/view/344,1,False
DISTINGUIDA GIRL,442288,COSMIC TRIGGER,DISTINGUIDA CATCH,2023-07-29,Female,0.55166239,0.032380868,0.017863307,25,ABOLENGO,Haras ABOLENGO,06-04-2025,08-04-2025,argsales,https://arg-sales.com//remates/view/344,1,False
DIXIE MASK,407078,EASING ALONG (USA),DIXIE WITCH (USA),2018-08-19,Female,0.67362607,0.054544631,0.036742687,16,LA PASION,REMATE DE YEGUAS MADRES - FIRMAMENTO Y LA PASION . 14h,27/03/2025,27/03/2025,bullrich,https://antoniobullrich.com//remates/remate-de-yeguas-madres-firmamento-y-la-pasion-14h/lotes,6,True
DONA CANDY,406078,STORM EMBRUJADO,SWEET HARD CANDY (USA),2018-07-18,Female,0.29965094,0.019045366,0.0057069617,17,LA PASION,REMATE DE YEGUAS MADRES - FIRMAMENTO Y LA PASION . 14h,27/03/2025,27/03/2025,bullrich,https://antoniobullrich.com//remates/remate-de-yeguas-madres-firmamento-y-la-pasion-14h/lotes,6,True
DREAM TIME,441782,FORTIFY (USA),DIA FELIZ,2023-07-21,Male,0.752464,0.28861132,0.21716963,3,VACACION,Haras VACACION,26-03-2025,29-03-2025,argsales,https://arg-sales.com//remates/view/342,1,False
DULCE REGRESO,442096,FORTIFY (USA),DOÑA TITA,2023-08-02,Male,0.71992886,0.11125886,0.080098465,13,VACACION,Haras VACACION,26-03-2025,29-03-2025,argsales,https://arg-sales.com//remates/view/342,1,False
EARLY FANTASY,443806,FORTIFY (USA),ELMIRA,2023-09-06,Female,0.58955115,0.06125094,0.036110561,18,VACACION,Haras VACACION,26-03-2025,29-03-2025,argsales,https://arg-sales.com//remates/view/342,1,False
EARTH DAY,442291,COSMIC TRIGGER,EARTHRISE,2023-07-31,Male,0.63294053,0.057081662,0.036129296,63,ABOLENGO,Haras ABOLENGO,06-04-2025,08-04-2025,argsales,https://arg-sales.com//remates/view/344,1,False
EGMONT,441799,TREASURE BEACH (GB),ESCAPE TALENT,2023-07-20,Male,0.55332571,0.023533041,0.013021437,22,EL CHANAR,COPA BULLRICH ABRIL . 14h,10/04/2025,10/04/2025,bullrich,https://antoniobullrich.com//remates/copa-bullrich-abril-14h/lotes,1,False
ELLE MC,442615,COSMIC TRIGGER,ELUDIBLE,2023-08-11,Female,0.48851621,0.044607263,0.021791371,35,ABOLENGO,Haras ABOLENGO,06-04-2025,08-04-2025,argsales,https://arg-sales.com//remates/view/344,1,False
ELLIJAY,427537,IL MERCATO,EXPEDIA,2021-08-18,Female,0.73409742,0.033112131,0.02430753,18,LA PASION,REMATE DE YEGUAS MADRES - FIRMAMENTO Y LA PASION . 14h,27/03/2025,27/03/2025,bullrich,https://antoniobullrich.com//remates/remate-de-yeguas-madres-firmamento-y-la-pasion-14h/lotes,3,False
EMBELLISH,263391,EDITOR'S NOTE (USA),EMBRASABLE,2005-08-02,Female,0.45547411,0.046006378,0.020954713,19,LA PASION,REMATE DE YEGUAS MADRES - FIRMAMENTO Y LA PASION . 14h,27/03/2025,27/03/2025,bullrich,https://antoniobullrich.com//remates/remate-de-yeguas-madres-firmamento-y-la-pasion-14h/lotes,19,True
EMBLEMA,447009,SOVEREIGN (IRE),ELISABETA,2023-10-08,Female,0.73503214,0.041342985,0.030388422,28,EL MALLIN,COPA BULLRICH ABRIL . 14h,10/04/2025,10/04/2025,bullrich,https://antoniobullrich.com//remates/copa-bullrich-abril-14h/lotes,1,False
EMBRIDA,305426,LIZARD ISLAND (USA),EMBRACE ME,2010-07-27,Female,0.64746714,0.045504533,0.02946269,20,LA PASION,REMATE DE YEGUAS MADRES - FIRMAMENTO Y LA PASION . 14h,27/03/2025,27/03/2025,bullrich,https://antoniobullrich.com//remates/remate-de-yeguas-madres-firmamento-y-la-pasion-14h/lotes,14,True
EMISARIA,246991,ROY (USA),EARLY KIT,2002-10-23,Female,0.58440143,0.12753738,0.07453303,21,LA PASION,REMATE DE YEGUAS MADRES - FIRMAMENTO Y LA PASION . 14h,27/03/2025,27/03/2025,bullrich,https://antoniobullrich.com//remates/remate-de-yeguas-madres-firmamento-y-la-pasion-14h/lotes,22,True
EMPRESS MORRIS,441638,GOUVERNEUR MORRIS (USA),EMPRESS DIVA,2023-07-21,Female,0.49588287,0.012918244,0.0064059361,10,EL ARROYO,COPA BULLRICH ABRIL . 14h,10/04/2025,10/04/2025,bullrich,https://antoniobullrich.com//remates/copa-bullrich-abril-14h/lotes,1,False
ENJOY CRAF,401733,MASTERCRAFTSMAN (IRE),ENJOY ROMA,2017-10-24,Female,0.63958627,0.097919136,0.062627733,22,FIRMAMENTO,REMATE DE YEGUAS MADRES - FIRMAMENTO Y LA PASION . 14h,27/03/2025,27/03/2025,bullrich,https://antoniobullrich.com//remates/remate-de-yeguas-madres-firmamento-y-la-pasion-14h/lotes,7,True
ENTRETIEMPO,327099,EXCHANGE RATE (USA),ENTRANCED (USA),2012-10-02,Female,0.7836315,0.12201596,0.095615551,23,LA PASION,REMATE DE YEGUAS MADRES - FIRMAMENTO Y LA PASION . 14h,27/03/2025,27/03/2025,bullrich,https://antoniobullrich.com//remates/remate-de-yeguas-madres-firmamento-y-la-pasion-14h/lotes,12,True
ENVIDO,444083,SOVEREIGN (IRE),RETRUCALA,2023-07-29,Male,0.71482265,0.083858758,0.059944138,49,EL MALLIN,COPA BULLRICH ABRIL . 14h,10/04/2025,10/04/2025,bullrich,https://antoniobullrich.com//remates/copa-bullrich-abril-14h/lotes,1,False
ERFIRIA,442933,PNEUMATIC (USA),ESMERALDA DAY,2023-08-18,Female,0.56972474,0.036534794,0.020814776,64,ABOLENGO,Haras ABOLENGO,06-04-2025,08-04-2025,argsales,https://arg-sales.com//remates/view/344,1,False
ERTO,445029,UNCLE CHUCK (USA),ERSILIA,2023-09-16,Male,0.60024214,0.051738098,0.031055387,21,SANTA INES,COPA BULLRICH ABRIL . 14h,10/04/2025,10/04/2025,bullrich,https://antoniobullrich.com//remates/copa-bullrich-abril-14h/lotes,1,False
ES SOÑADO,443832,EQUAL STRIPES,ES SERENITA,2023-08-26,Male,0.55239582,0.053866833,0.029755814,3,EL CHANAR,COPA BULLRICH ABRIL . 14h,10/04/2025,10/04/2025,bullrich,https://antoniobullrich.com//remates/copa-bullrich-abril-14h/lotes,1,False
ESPACIADORA,297322,GIANT'S CAUSEWAY (USA),ESPANTADA (USA),2009-08-05,Female,0.64013487,0.048988298,0.031359117,24,LA PASION,REMATE DE YEGUAS MADRES - FIRMAMENTO Y LA PASION . 14h,27/03/2025,27/03/2025,bullrich,https://antoniobullrich.com//remates/remate-de-yeguas-madres-firmamento-y-la-pasion-14h/lotes,15,True
ESTHETIC BOY,442280,COSMIC TRIGGER,ESTHETICALLY,2023-08-10,Male,0.58045584,0.070893899,0.041150779,28,ABOLENGO,Haras ABOLENGO,06-04-2025,08-04-2025,argsales,https://arg-sales.com//remates/view/344,1,False
ETTE SEIVER,415726,SUPER SAVER (USA),HOLIDAY CLETTE,2019-09-23,Male,0.70867974,0.14518413,0.10288905,7,FIRMAMENTO,VENTA TRAINING - HARAS FIRMAMENTO . 18h,31/03/2025,31/03/2025,bullrich,https://antoniobullrich.com//remates/venta-training-haras-firmamento-18h/lotes,5,True
EVATINA,306299,ORPEN (USA),EVER BEAUTY,2010-08-15,Female,0.64253879,0.16632386,0.10686953,25,LA PASION,REMATE DE YEGUAS MADRES - FIRMAMENTO Y LA PASION . 14h,27/03/2025,27/03/2025,bullrich,https://antoniobullrich.com//remates/remate-de-yeguas-madres-firmamento-y-la-pasion-14h/lotes,14,True
EVIDENCE DAD,445435,DADDY LONG LEGS (USA),EVIDANCE RULER,2023-10-10,Male,0.56588501,0.066705957,0.037747901,59,ABOLENGO,Haras ABOLENGO,06-04-2025,08-04-2025,argsales,https://arg-sales.com//remates/view/344,1,False
EVOQUE,444526,DADDY LONG LEGS (USA),EVOLVE,2023-09-24,Male,0.59075123,0.063336842,0.037416317,39,ABOLENGO,Haras ABOLENGO,06-04-2025,08-04-2025,argsales,https://arg-sales.com//remates/view/344,1,False
EXCELSO,441797,DADDY LONG LEGS (USA),EXCHANGELY,2023-07-19,Male,0.64813679,0.063727453,0.041304108,15,EL CHANAR,COPA BULLRICH ABRIL . 14h,10/04/2025,10/04/2025,bullrich,https://antoniobullrich.com//remates/copa-bullrich-abril-14h/lotes,1,False
EXPEDIA,338436,EASING ALONG (USA),LIGHTLY EXPRESSED (USA),2013-10-09,Female,0.76309806,0.056854706,0.043385714,26,LA PASION,REMATE DE YEGUAS MADRES - FIRMAMENTO Y LA PASION . 14h,27/03/2025,27/03/2025,bullrich,https://antoniobullrich.com//remates/remate-de-yeguas-madres-firmamento-y-la-pasion-14h/lotes,11,True
EXPRESSIVE GIRL,442945,TREASURE BEACH (GB),EXPRESSIVE ONE,2023-08-24,Female,0.47494683,0.043390203,0.02060804,40,ABOLENGO,Haras ABOLENGO,06-04-2025,08-04-2025,argsales,https://arg-sales.com//remates/view/344,1,False
FABIUS MAXIMUS,447379,DANIEL BOONE (BRZ),FUNICULA,2023-10-14,Male,0.59777343,0.06250675,0.037364874,18,SANTA MARIA DE ARARAS,Haras SANTA MARIA DE ARARAS,10-04-2025,13-04-2025,argsales,https://arg-sales.com//remates/view/345,1,False
FANCY KITTY,338454,EASING ALONG (USA),FANCY TALE (USA),2013-10-25,Female,0.74725533,0.093934022,0.070192695,27,LA PASION,REMATE DE YEGUAS MADRES - FIRMAMENTO Y LA PASION . 14h,27/03/2025,27/03/2025,bullrich,https://antoniobullrich.com//remates/remate-de-yeguas-madres-firmamento-y-la-pasion-14h/lotes,11,True
FEEL FREE,441603,UNCLE CHUCK (USA),FUNGUERA,2023-07-13,Female,0.67229384,0.086448006,0.058118463,53,VACACION,Haras VACACION,26-03-2025,29-03-2025,argsales,https://arg-sales.com//remates/view/342,1,False
FEL FEM,445909,DANIEL BOONE (BRZ),FELICIDAD IS BACK,2023-10-05,Female,0.57704306,0.05358639,0.030921655,22,SANTA MARIA DE ARARAS,Haras SANTA MARIA DE ARARAS,10-04-2025,13-04-2025,argsales,https://arg-sales.com//remates/view/345,1,False
FESTIVE BOONE,445913,DANIEL BOONE (BRZ),FEELINGS,2023-10-13,Female,0.54117233,0.053511087,0.028958719,33,SANTA MARIA DE ARARAS,Haras SANTA MARIA DE ARARAS,10-04-2025,13-04-2025,argsales,https://arg-sales.com//remates/view/345,1,False
FESTIVE LADY,445892,DANIEL BOONE (BRZ),FELICIDAD ALWAYS,2023-09-26,Female,0.55330384,0.045292579,0.025060557,40,SANTA MARIA DE ARARAS,Haras SANTA MARIA DE ARARAS,10-04-2025,13-04-2025,argsales,https://arg-sales.com//remates/view/345,1,False
FIND ME,443924,PNEUMATIC (USA),FIX IT,2023-09-13,Male,0.67139727,0.090350248,0.06066091,52,ABOLENGO,Haras ABOLENGO,06-04-2025,08-04-2025,argsales,https://arg-sales.com//remates/view/344,1,False
FIRST QUEEN,441762,VILLAGE KING,FELURIAN,2023-07-16,Female,0.43490109,0.057009134,0.024793334,44,SANTA MARIA DE ARARAS,Haras SANTA MARIA DE ARARAS,10-04-2025,13-04-2025,argsales,https://arg-sales.com//remates/view/345,1,False
FOGUEADO,441733,SOVEREIGN (IRE),CURTIDA NISTEL,2023-08-02,Male,0.6208728,0.040750928,0.025301144,19,EL MALLIN,COPA BULLRICH ABRIL . 14h,10/04/2025,10/04/2025,bullrich,https://antoniobullrich.com//remates/copa-bullrich-abril-14h/lotes,1,False
FOLLONICA,335547,ZENSATIONAL (USA),FOTOGRAFICA,2013-09-11,Female,0.74008393,0.08248689,0.061047222,28,LA PASION,REMATE DE YEGUAS MADRES - FIRMAMENTO Y LA PASION . 14h,27/03/2025,27/03/2025,bullrich,https://antoniobullrich.com//remates/remate-de-yeguas-madres-firmamento-y-la-pasion-14h/lotes,11,True
FUERTE Y CLARO,445902,DANIEL BOONE (BRZ),FUNK GIRL,2023-09-30,Male,0.68748313,0.054685388,0.037595283,34,SANTA MARIA DE ARARAS,Haras SANTA MARIA DE ARARAS,10-04-2025,13-04-2025,argsales,https://arg-sales.com//remates/view/345,1,False
FULL MOON,442619,COSMIC TRIGGER,THUNDERY FALLEN,2023-08-13,Female,0.3081575,0.049756449,0.015332823,16,ABOLENGO,Haras ABOLENGO,06-04-2025,08-04-2025,argsales,https://arg-sales.com//remates/view/344,1,False
FUTURE MIND,443686,DANIEL BOONE (BRZ),FUZARCA,2023-09-10,Male,0.70615047,0.12773016,0.090196714,7,SANTA MARIA DE ARARAS,Haras SANTA MARIA DE ARARAS,10-04-2025,13-04-2025,argsales,https://arg-sales.com//remates/view/345,1,False
FUZZY PET,445891,DANIEL BOONE (BRZ),FUZZY LOGIC,2023-09-26,Female,0.5952611,0.09983243,0.059426364,21,SANTA MARIA DE ARARAS,Haras SANTA MARIA DE ARARAS,10-04-2025,13-04-2025,argsales,https://arg-sales.com//remates/view/345,1,False
GALINDEZ,442065,COSMIC TRIGGER,GALA ACTION,2023-07-23,Male,0.50669944,0.039931018,0.020233024,42,ABOLENGO,Haras ABOLENGO,06-04-2025,08-04-2025,argsales,https://arg-sales.com//remates/view/344,1,False
GENUINE FAITH,442073,PNEUMATIC (USA),GOT FAITH,2023-07-18,Female,0.63500559,0.11297286,0.0717384,26,ABOLENGO,Haras ABOLENGO,06-04-2025,08-04-2025,argsales,https://arg-sales.com//remates/view/344,1,False
GOOD HOPE,445433,DADDY LONG LEGS (USA),GOOD BABE,2023-10-08,Female,0.53446817,0.072676606,0.038843334,50,ABOLENGO,Haras ABOLENGO,06-04-2025,08-04-2025,argsales,https://arg-sales.com//remates/view/344,1,False
GOODNIGHT BABY,442042,DADDY LONG LEGS (USA),GOODNIGHT KISS,2023-08-07,Female,0.42987666,0.036446825,0.01566764,26,EL CHANAR,COPA BULLRICH ABRIL . 14h,10/04/2025,10/04/2025,bullrich,https://antoniobullrich.com//remates/copa-bullrich-abril-14h/lotes,1,False
GOOGLE NEWS,442622,PNEUMATIC (USA),GIRL SPIRIT,2023-08-14,Female,0.65359485,0.045847334,0.029965581,49,ABOLENGO,Haras ABOLENGO,06-04-2025,08-04-2025,argsales,https://arg-sales.com//remates/view/344,1,False
GOT MY WAY,443916,EQUAL STRIPES,GOT MY MIND,2023-09-08,Male,0.45208555,0.057697505,0.026084209,43,ABOLENGO,Haras ABOLENGO,06-04-2025,08-04-2025,argsales,https://arg-sales.com//remates/view/344,1,False
GREAT UNCLE,441598,UNCLE CHUCK (USA),GARUBELLA (USA),2023-07-06,Male,0.55917174,0.07171762,0.040102467,40,VACACION,Haras VACACION,26-03-2025,29-03-2025,argsales,https://arg-sales.com//remates/view/342,1,False
GREEICY,422381,BODEMEISTER (USA),GREY'S ANATOMY,2020-10-18,Female,0.68395603,0.017873973,0.012225011,29,LA PASION,REMATE DE YEGUAS MADRES - FIRMAMENTO Y LA PASION . 14h,27/03/2025,27/03/2025,bullrich,https://antoniobullrich.com//remates/remate-de-yeguas-madres-firmamento-y-la-pasion-14h/lotes,4,False
GREKA,446087,DADDY LONG LEGS (USA),GREEN RYE,2023-10-19,Female,0.54531872,0.067141525,0.036613531,6,ABOLENGO,Haras ABOLENGO,06-04-2025,08-04-2025,argsales,https://arg-sales.com//remates/view/344,1,False
HAMLET STAR,441744,FORTIFY (USA),HENDAIA,2023-07-11,Male,0.6492309,0.13959248,0.090627752,12,VACACION,Haras VACACION,26-03-2025,29-03-2025,argsales,https://arg-sales.com//remates/view/342,1,False
HAPPY FAMILY,446563,FORTIFY (USA),HEAVENLY STAR,2023-10-21,Female,0.56367993,0.098317809,0.055419777,14,VACACION,Haras VACACION,26-03-2025,29-03-2025,argsales,https://arg-sales.com//remates/view/342,1,False
HAPPY FRANKIE,444981,TREASURE BEACH (GB),HAPPY GIRL,2023-10-15,Male,0.57901347,0.020904001,0.012103698,17,EL CHANAR,COPA BULLRICH ABRIL . 14h,10/04/2025,10/04/2025,bullrich,https://antoniobullrich.com//remates/copa-bullrich-abril-14h/lotes,1,False
HARLAN'S ANGELIC,315167,HARLAN'S HOLIDAY (USA),KWANZAN (USA),2011-08-03,Female,0.56547421,0.046745691,0.026433483,30,FIRMAMENTO,REMATE DE YEGUAS MADRES - FIRMAMENTO Y LA PASION . 14h,27/03/2025,27/03/2025,bullrich,https://antoniobullrich.com//remates/remate-de-yeguas-madres-firmamento-y-la-pasion-14h/lotes,13,True
HARRY EL SUCIO,444241,DANIEL BOONE (BRZ),HORA UNIVERSAL,2023-09-15,Male,0.64787459,0.072352856,0.046875577,43,SANTA MARIA DE ARARAS,Haras SANTA MARIA DE ARARAS,10-04-2025,13-04-2025,argsales,https://arg-sales.com//remates/view/345,1,False
HIDILYN,426841,EQUAL STRIPES,HEART TO HEART,2021-07-22,Female,0.64690769,0.031550486,0.020410251,31,LA PASION,REMATE DE YEGUAS MADRES - FIRMAMENTO Y LA PASION . 14h,27/03/2025,27/03/2025,bullrich,https://antoniobullrich.com//remates/remate-de-yeguas-madres-firmamento-y-la-pasion-14h/lotes,3,False
HIGHFEVER BOMB,421821,HIT IT A BOMB (USA),HIGHFEVER,2020-10-28,Female,0.66634208,0.073795907,0.049173318,32,FIRMAMENTO,REMATE DE YEGUAS MADRES - FIRMAMENTO Y LA PASION . 14h,27/03/2025,27/03/2025,bullrich,https://antoniobullrich.com//remates/remate-de-yeguas-madres-firmamento-y-la-pasion-14h/lotes,4,False
HIT BOUCLETTE,405918,HIT IT A BOMB (USA),BOUCLETTE FITZ,2018-07-12,Female,0.71575928,0.10113783,0.07239034,33,FIRMAMENTO,REMATE DE YEGUAS MADRES - FIRMAMENTO Y LA PASION . 14h,27/03/2025,27/03/2025,bullrich,https://antoniobullrich.com//remates/remate-de-yeguas-madres-firmamento-y-la-pasion-14h/lotes,6,True
HIT GALILEO,426853,HIT IT A BOMB (USA),FILILEO (IRE),2021-07-20,Male,0.61444163,0.15902144,0.097709395,12,FIRMAMENTO,VENTA TRAINING - HARAS FIRMAMENTO . 18h,31/03/2025,31/03/2025,bullrich,https://antoniobullrich.com//remates/venta-training-haras-firmamento-18h/lotes,3,False
HURRY AND HURRY,447384,DANIEL BOONE (BRZ),HONEY HAPPY,2023-10-18,Male,0.67128634,0.096817754,0.064992435,3,SANTA MARIA DE ARARAS,Haras SANTA MARIA DE ARARAS,10-04-2025,13-04-2025,argsales,https://arg-sales.com//remates/view/345,1,False
ICONO HIT,427557,HIT IT A BOMB (USA),CUIDADOSA HALO,2021-08-19,Female,0.75511175,0.155292,0.11726282,10,FIRMAMENTO,VENTA TRAINING - HARAS FIRMAMENTO . 18h,31/03/2025,31/03/2025,bullrich,https://antoniobullrich.com//remates/venta-training-haras-firmamento-18h/lotes,3,False
IKAL,442937,PNEUMATIC (USA),ITALIAN STRIPE,2023-08-21,Female,0.62183255,0.058732845,0.036521994,44,ABOLENGO,Haras ABOLENGO,06-04-2025,08-04-2025,argsales,https://arg-sales.com//remates/view/344,1,False
ILUSTRADOR,442071,COSMIC TRIGGER,ILUSTRADORA,2023-07-21,Male,0.55607116,0.044335797,0.024653858,61,ABOLENGO,Haras ABOLENGO,06-04-2025,08-04-2025,argsales,https://arg-sales.com//remates/view/344,1,False
IMAGINAME LINDA,314217,EASING ALONG (USA),RUBIA PRETTY,2011-07-24,Female,0.76791847,0.1498414,0.11506598,34,LA PASION,REMATE DE YEGUAS MADRES - FIRMAMENTO Y LA PASION . 14h,27/03/2025,27/03/2025,bullrich,https://antoniobullrich.com//remates/remate-de-yeguas-madres-firmamento-y-la-pasion-14h/lotes,13,True
IMPORTE EXACTO,442932,COSMIC TRIGGER,IMPORTANT THING,2023-08-18,Male,0.54723662,0.058725432,0.032136708,31,ABOLENGO,Haras ABOLENGO,06-04-2025,08-04-2025,argsales,https://arg-sales.com//remates/view/344,1,False
IN THIS MOMENT,443457,FORTIFY (USA),IN MISSION,2023-08-20,Male,0.70841068,0.12430248,0.088057205,1,VACACION,Haras VACACION,26-03-2025,29-03-2025,argsales,https://arg-sales.com//remates/view/342,1,False
INFINITA ILUSION,445115,DADDY LONG LEGS (USA),INFANTA ELENA,2023-10-07,Female,0.46969497,0.1395572,0.065549314,15,ABOLENGO,Haras ABOLENGO,06-04-2025,08-04-2025,argsales,https://arg-sales.com//remates/view/344,1,False
INNER CIRCLE,442067,PNEUMATIC (USA),INTENSE LOOK,2023-07-22,Female,0.68013078,0.12513383,0.085107371,1,ABOLENGO,Haras ABOLENGO,06-04-2025,08-04-2025,argsales,https://arg-sales.com//remates/view/344,1,False
INSTAGRAMADA,420615,BODEMEISTER (USA),ILLEGALLY BLONDE,2020-08-15,Female,0.65494478,0.05455707,0.035731867,35,LA PASION,REMATE DE YEGUAS MADRES - FIRMAMENTO Y LA PASION . 14h,27/03/2025,27/03/2025,bullrich,https://antoniobullrich.com//remates/remate-de-yeguas-madres-firmamento-y-la-pasion-14h/lotes,4,False
INTELIGENCIA SUPREMA,446557,FORTIFY (USA),IGARA,2023-10-14,Female,0.58295572,0.073648281,0.042933688,27,VACACION,Haras VACACION,26-03-2025,29-03-2025,argsales,https://arg-sales.com//remates/view/342,1,False
INTERNAL AFFAIRS,442095,FORTIFY (USA),IDOCRASE,2023-07-31,Male,0.70129579,0.15761815,0.11053695,31,VACACION,Haras VACACION,26-03-2025,29-03-2025,argsales,https://arg-sales.com//remates/view/342,1,False
INVISIBLE SCAPE,442094,CITYSCAPE (GB),INVISIBLE WAR,2023-07-01,Female,0.50170767,0.073438719,0.036844768,50,VACACION,Haras VACACION,26-03-2025,29-03-2025,argsales,https://arg-sales.com//remates/view/342,1,False
IRISH BOY,441743,FORTIFY (USA),ISLANDINA,2023-07-11,Male,0.70306087,0.1212403,0.085239306,15,VACACION,Haras VACACION,26-03-2025,29-03-2025,argsales,https://arg-sales.com//remates/view/342,1,False
IT'S LIKE YOU,445117,COSMIC TRIGGER,IT LOOKS FINE,2023-10-07,Male,0.57065433,0.061506681,0.035099056,8,ABOLENGO,Haras ABOLENGO,06-04-2025,08-04-2025,argsales,https://arg-sales.com//remates/view/344,1,False
IVANNE,426840,MANIPULATOR (USA),ILUSION OPTICA,2021-07-22,Female,0.75357342,0.024175365,0.018217912,36,LA PASION,REMATE DE YEGUAS MADRES - FIRMAMENTO Y LA PASION . 14h,27/03/2025,27/03/2025,bullrich,https://antoniobullrich.com//remates/remate-de-yeguas-madres-firmamento-y-la-pasion-14h/lotes,3,False
JESSIE JAY,444239,DANIEL BOONE (BRZ),JOLIE JOAN,2023-09-11,Female,0.6091032,0.11905102,0.072514363,23,SANTA MARIA DE ARARAS,Haras SANTA MARIA DE ARARAS,10-04-2025,13-04-2025,argsales,https://arg-sales.com//remates/view/345,1,False
JOY MUSICA,441793,FORTIFY (USA),MELODIAN GIRL,2023-08-01,Female,0.52182466,0.056152426,0.02930172,1,EL ARROYO,COPA BULLRICH ABRIL . 14h,10/04/2025,10/04/2025,bullrich,https://antoniobullrich.com//remates/copa-bullrich-abril-14h/lotes,1,False
JUARA,445494,STORM EMBRUJADO,MENTAWAI,2023-09-05,Female,0.55542755,0.028995166,0.016104713,46,EL MALLIN,COPA BULLRICH ABRIL . 14h,10/04/2025,10/04/2025,bullrich,https://antoniobullrich.com//remates/copa-bullrich-abril-14h/lotes,1,False
JUST DANCE,443377,DANIEL BOONE (BRZ),JOLIE GIGI,2023-08-23,Female,0.41951168,0.062428474,0.026189474,32,SANTA MARIA DE ARARAS,Haras SANTA MARIA DE ARARAS,10-04-2025,13-04-2025,argsales,https://arg-sales.com//remates/view/345,1,False
LA BODEGA DE GUZ,420810,BODEMEISTER (USA),LA CAPELLETA,2020-09-03,Female,0.57277399,0.014285198,0.0081821904,37,LA PASION,REMATE DE YEGUAS MADRES - FIRMAMENTO Y LA PASION . 14h,27/03/2025,27/03/2025,bullrich,https://antoniobullrich.com//remates/remate-de-yeguas-madres-firmamento-y-la-pasion-14h/lotes,4,False
LA ISLA DEL SOL,401028,LIZARD ISLAND (USA),LA IMPARABLE,2017-10-10,Female,0.76244134,0.043840393,0.03342573,38,LA PASION,REMATE DE YEGUAS MADRES - FIRMAMENTO Y LA PASION . 14h,27/03/2025,27/03/2025,bullrich,https://antoniobullrich.com//remates/remate-de-yeguas-madres-firmamento-y-la-pasion-14h/lotes,7,True
LA MAS BONITA,441796,DADDY LONG LEGS (USA),LA SERENITA,2023-07-28,Female,0.68440461,0.084712796,0.057977829,25,EL CHANAR,COPA BULLRICH ABRIL . 14h,10/04/2025,10/04/2025,bullrich,https://antoniobullrich.com//remates/copa-bullrich-abril-14h/lotes,1,False
LE CHATEAU (USA),371853,CHESTER HOUSE (USA),ELISSA BEETHOVEN (GB),2004-03-29,Female,0.35318902,0.085126527,0.030065754,39,LA PASION,REMATE DE YEGUAS MADRES - FIRMAMENTO Y LA PASION . 14h,27/03/2025,27/03/2025,bullrich,https://antoniobullrich.com//remates/remate-de-yeguas-madres-firmamento-y-la-pasion-14h/lotes,20,True
LEEDS,442106,FORTIFY (USA),LIBRATURA,2023-08-05,Male,0.65443689,0.11353076,0.074298717,6,VACACION,Haras VACACION,26-03-2025,29-03-2025,argsales,https://arg-sales.com//remates/view/342,1,False
LEITMOTIV,442665,UNCLE CHUCK (USA),LA MUSICAL,2023-08-11,Male,0.72578818,0.064301983,0.046669617,56,VACACION,Haras VACACION,26-03-2025,29-03-2025,argsales,https://arg-sales.com//remates/view/342,1,False
LEMKA,414060,BODEMEISTER (USA),LISBONESA,2019-08-22,Female,0.66560411,0.063602172,0.042333867,40,LA PASION,REMATE DE YEGUAS MADRES - FIRMAMENTO Y LA PASION . 14h,27/03/2025,27/03/2025,bullrich,https://antoniobullrich.com//remates/remate-de-yeguas-madres-firmamento-y-la-pasion-14h/lotes,5,True
LIMIT SPEED,442673,LE BLUES,LA COLIFA,2023-08-17,Male,0.68095022,0.051742308,0.035233937,55,VACACION,Haras VACACION,26-03-2025,29-03-2025,argsales,https://arg-sales.com//remates/view/342,1,False
LINDA CRAF,401065,MASTERCRAFTSMAN (IRE),MISS CARILINDA,2017-10-09,Female,0.68929046,0.084728427,0.058402497,41,LA PASION,REMATE DE YEGUAS MADRES - FIRMAMENTO Y LA PASION . 14h,27/03/2025,27/03/2025,bullrich,https://antoniobullrich.com//remates/remate-de-yeguas-madres-firmamento-y-la-pasion-14h/lotes,7,True
LOCAL TIME,445622,UNCLE CHUCK (USA),LIMUSINA,2023-09-30,Male,0.64108747,0.073075674,0.046847899,26,VACACION,Haras VACACION,26-03-2025,29-03-2025,argsales,https://arg-sales.com//remates/view/342,1,False
LOOK DIFFERENT,445030,HI HAPPY,LOOK LOVELY,2023-09-16,Male,0.69303149,0.12300836,0.085248664,2,SANTA INES,COPA BULLRICH ABRIL . 14h,10/04/2025,10/04/2025,bullrich,https://antoniobullrich.com//remates/copa-bullrich-abril-14h/lotes,1,False
LOVELY DAY,443804,FORTIFY (USA),LITHUANIA,2023-09-11,Female,0.58086646,0.15897477,0.092343107,2,VACACION,Haras VACACION,26-03-2025,29-03-2025,argsales,https://arg-sales.com//remates/view/342,1,False
LOXLEY,443913,PNEUMATIC (USA),LOVE ME MORE,2023-09-04,Male,0.65932751,0.074971065,0.049430486,55,ABOLENGO,Haras ABOLENGO,06-04-2025,08-04-2025,argsales,https://arg-sales.com//remates/view/344,1,False
LUCKY MAMMA,317441,EASING ALONG (USA),RUBIA BLONDE,2011-09-12,Female,0.7630145,0.062027898,0.047328185,42,LA PASION,REMATE DE YEGUAS MADRES - FIRMAMENTO Y LA PASION . 14h,27/03/2025,27/03/2025,bullrich,https://antoniobullrich.com//remates/remate-de-yeguas-madres-firmamento-y-la-pasion-14h/lotes,13,True
LUNA EGIPCIA,293503,SOUTHERN HALO (USA),LUNA POP,2008-10-30,Female,0.63849175,0.052866772,0.033754997,43,LA PASION,REMATE DE YEGUAS MADRES - FIRMAMENTO Y LA PASION . 14h,27/03/2025,27/03/2025,bullrich,https://antoniobullrich.com//remates/remate-de-yeguas-madres-firmamento-y-la-pasion-14h/lotes,16,True
LYNELLE,441673,UNCLE CHUCK (USA),LINDA ESTADIA,2023-07-15,Female,0.58297396,0.046284564,0.026982695,19,VACACION,Haras VACACION,26-03-2025,29-03-2025,argsales,https://arg-sales.com//remates/view/342,1,False
MACEIO,441760,DANIEL BOONE (BRZ),MALIBU STAR,2023-07-11,Male,0.75407088,0.083288901,0.062805735,38,SANTA MARIA DE ARARAS,Haras SANTA MARIA DE ARARAS,10-04-2025,13-04-2025,argsales,https://arg-sales.com//remates/view/345,1,False
MADISON SONG (USA),296097,GRAND SLAM (USA),WHALAH,2003-01-25,Female,0.33563441,0.093504772,0.031383418,44,LA PASION,REMATE DE YEGUAS MADRES - FIRMAMENTO Y LA PASION . 14h,27/03/2025,27/03/2025,bullrich,https://antoniobullrich.com//remates/remate-de-yeguas-madres-firmamento-y-la-pasion-14h/lotes,22,True
MAGNIFIC HIT,434630,HIT IT A BOMB (USA),ESPLENDIDA GLORY,2022-07-24,Male,0.78918803,0.11792524,0.093065187,8,FIRMAMENTO,VENTA TRAINING - HARAS FIRMAMENTO . 18h,31/03/2025,31/03/2025,bullrich,https://antoniobullrich.com//remates/venta-training-haras-firmamento-18h/lotes,2,False
MANHATTAN JOY,446366,FORTIFY (USA),MODERN GIRL,2023-10-19,Male,0.59754497,0.065922789,0.039391831,6,SANTA INES,COPA BULLRICH ABRIL . 14h,10/04/2025,10/04/2025,bullrich,https://antoniobullrich.com//remates/copa-bullrich-abril-14h/lotes,1,False
MANI GIRL,443909,DADDY LONG LEGS (USA),MANI BO,2023-09-02,Female,0.54578507,0.093607664,0.051089667,20,ABOLENGO,Haras ABOLENGO,06-04-2025,08-04-2025,argsales,https://arg-sales.com//remates/view/344,1,False
MARADONIANO,442669,FORTIFY (USA),MARADONIANA INC,2023-08-14,Male,0.72517115,0.1080265,0.078337699,20,VACACION,Haras VACACION,26-03-2025,29-03-2025,argsales,https://arg-sales.com//remates/view/342,1,False
MARIAN HIT,430729,HIT IT A BOMB (USA),LADY MARIAN (USA),2021-10-30,Female,0.85759532,0.083474271,0.071587145,4,FIRMAMENTO,VENTA TRAINING - HARAS FIRMAMENTO . 18h,31/03/2025,31/03/2025,bullrich,https://antoniobullrich.com//remates/venta-training-haras-firmamento-18h/lotes,3,False
MARINA CITY,446355,HI HAPPY,MARINA AZUL,2023-10-11,Female,0.49142915,0.067487925,0.033165533,18,SANTA INES,COPA BULLRICH ABRIL . 14h,10/04/2025,10/04/2025,bullrich,https://antoniobullrich.com//remates/copa-bullrich-abril-14h/lotes,1,False
MASQUENADA (FR),383791,MUHTATHIR (GB),MACARENA (GER),2005-05-03,Female,0.5120936,0.071383357,0.036554962,45,LA PASION,REMATE DE YEGUAS MADRES - FIRMAMENTO Y LA PASION . 14h,27/03/2025,27/03/2025,bullrich,https://antoniobullrich.com//remates/remate-de-yeguas-madres-firmamento-y-la-pasion-14h/lotes,19,True
MASTER BOU,399960,MASTERCRAFTSMAN (IRE),BOUCLETTE GLORY,2017-09-11,Female,0.62626123,0.11832809,0.074104294,46,LA PASION,REMATE DE YEGUAS MADRES - FIRMAMENTO Y LA PASION . 14h,27/03/2025,27/03/2025,bullrich,https://antoniobullrich.com//remates/remate-de-yeguas-madres-firmamento-y-la-pasion-14h/lotes,7,True
MASTER SALE,401066,MASTERCRAFTSMAN (IRE),OPIUM SALE,2017-10-07,Female,0.72438246,0.04782581,0.034644179,47,FIRMAMENTO,REMATE DE YEGUAS MADRES - FIRMAMENTO Y LA PASION . 14h,27/03/2025,27/03/2025,bullrich,https://antoniobullrich.com//remates/remate-de-yeguas-madres-firmamento-y-la-pasion-14h/lotes,7,True
MELINDROSO,447394,DANIEL BOONE (BRZ),MIAMI QUEEN,2023-10-27,Male,0.62033361,0.071500093,0.04435391,39,SANTA MARIA DE ARARAS,Haras SANTA MARIA DE ARARAS,10-04-2025,13-04-2025,argsales,https://arg-sales.com//remates/view/345,1,False
MI CHICO MATICO,441691,PNEUMATIC (USA),MI CHICA BONITA,2023-07-11,Male,0.71383065,0.094088539,0.067163281,30,ABOLENGO,Haras ABOLENGO,06-04-2025,08-04-2025,argsales,https://arg-sales.com//remates/view/344,1,False
MILES AWAY,445016,FORTIFY (USA),MILLERA STRIPES,2023-08-26,Female,0.62185162,0.056463465,0.035111897,36,VACACION,Haras VACACION,26-03-2025,29-03-2025,argsales,https://arg-sales.com//remates/view/342,1,False
MINAMI,443504,GOUVERNEUR MORRIS (USA),MISS PENN,2023-08-25,Male,0.73187268,0.089735731,0.065675132,16,LA LEYENDA,COPA BULLRICH ABRIL . 14h,10/04/2025,10/04/2025,bullrich,https://antoniobullrich.com//remates/copa-bullrich-abril-14h/lotes,1,False
MIRADA DISTANTE,443795,FORTIFY (USA),MELODIA PAMPA,2023-09-06,Male,0.65210718,0.05863883,0.038238801,23,VACACION,Haras VACACION,26-03-2025,29-03-2025,argsales,https://arg-sales.com//remates/view/342,1,False
MISTELA CROTTA,324787,EASING ALONG (USA),MOSCADA FILLY,2012-08-23,Female,0.68459898,0.064214982,0.04396151,48,LA PASION,REMATE DE YEGUAS MADRES - FIRMAMENTO Y LA PASION . 14h,27/03/2025,27/03/2025,bullrich,https://antoniobullrich.com//remates/remate-de-yeguas-madres-firmamento-y-la-pasion-14h/lotes,12,True
MOGUL,443477,COSMIC TRIGGER,MOON LADY,2023-08-25,Male,0.60814339,0.05252102,0.031940311,47,ABOLENGO,Haras ABOLENGO,06-04-2025,08-04-2025,argsales,https://arg-sales.com//remates/view/344,1,False
MR. BOND,445454,UNCLE CHUCK (USA),MISS MONEYPENNY,2023-09-24,Male,0.62425417,0.050586428,0.03157879,27,SANTA INES,COPA BULLRICH ABRIL . 14h,10/04/2025,10/04/2025,bullrich,https://antoniobullrich.com//remates/copa-bullrich-abril-14h/lotes,1,False
MUEQUITA NISTEL,299319,VAN NISTELROOY (USA),MUEQUITA FITZ,2009-09-19,Female,0.6154424,0.099772319,0.061404116,49,FIRMAMENTO,REMATE DE YEGUAS MADRES - FIRMAMENTO Y LA PASION . 14h,27/03/2025,27/03/2025,bullrich,https://antoniobullrich.com//remates/remate-de-yeguas-madres-firmamento-y-la-pasion-14h/lotes,15,True
NICARAGUA (USA),286532,BERNSTEIN (USA),NORTH DREAM,2006-03-06,Female,0.48627028,0.1266823,0.061601836,50,LA PASION,REMATE DE YEGUAS MADRES - FIRMAMENTO Y LA PASION . 14h,27/03/2025,27/03/2025,bullrich,https://antoniobullrich.com//remates/remate-de-yeguas-madres-firmamento-y-la-pasion-14h/lotes,19,True
NINETTE,444282,PNEUMATIC (USA),NIFTY,2023-09-16,Female,0.5787394,0.058151145,0.033654358,46,ABOLENGO,Haras ABOLENGO,06-04-2025,08-04-2025,argsales,https://arg-sales.com//remates/view/344,1,False
NIÑO FELIZ,443833,EQUAL STRIPES,BURG ANIÑADA,2023-09-11,Male,0.47355142,0.08539585,0.040439326,13,EL CHANAR,COPA BULLRICH ABRIL . 14h,10/04/2025,10/04/2025,bullrich,https://antoniobullrich.com//remates/copa-bullrich-abril-14h/lotes,1,False
NIÑO MATICO,442946,PNEUMATIC (USA),STORMY NIÑA,2023-08-24,Male,0.68228036,0.098855995,0.067447506,36,ABOLENGO,Haras ABOLENGO,06-04-2025,08-04-2025,argsales,https://arg-sales.com//remates/view/344,1,False
NUNCA TAXI,445315,GOUVERNEUR MORRIS (USA),NINA BERNSTEIN,2023-10-16,Male,0.72343594,0.1268055,0.091735654,5,LA LEYENDA,COPA BULLRICH ABRIL . 14h,10/04/2025,10/04/2025,bullrich,https://antoniobullrich.com//remates/copa-bullrich-abril-14h/lotes,1,False
O MAIS GRANDE,429731,REMOTE (GB),BIJOU EMPER,2021-10-12,Male,0.73604739,0.10110648,0.074419163,2,FIRMAMENTO,VENTA TRAINING - HARAS FIRMAMENTO . 18h,31/03/2025,31/03/2025,bullrich,https://antoniobullrich.com//remates/venta-training-haras-firmamento-18h/lotes,3,False
OFUSCADOR,445900,DANIEL BOONE (BRZ),ORDEM UNIDA,2023-09-29,Male,0.70704812,0.10378676,0.073382236,25,SANTA MARIA DE ARARAS,Haras SANTA MARIA DE ARARAS,10-04-2025,13-04-2025,argsales,https://arg-sales.com//remates/view/345,1,False
OLIMPIC RIM,430902,REMOTE (GB),OLIMPICA CATCH,2021-11-04,Male,0.74574715,0.087030783,0.064902961,5,FIRMAMENTO,VENTA TRAINING - HARAS FIRMAMENTO . 18h,31/03/2025,31/03/2025,bullrich,https://antoniobullrich.com//remates/venta-training-haras-firmamento-18h/lotes,3,False
ONDA CHIC,315849,EASING ALONG (USA),ONDINA,2011-08-11,Female,0.72339249,0.14364253,0.10390992,51,LA PASION,REMATE DE YEGUAS MADRES - FIRMAMENTO Y LA PASION . 14h,27/03/2025,27/03/2025,bullrich,https://antoniobullrich.com//remates/remate-de-yeguas-madres-firmamento-y-la-pasion-14h/lotes,13,True
ORIGINAL BOY,444247,DANIEL BOONE (BRZ),ORIGINALIDAD,2023-09-19,Male,0.72754067,0.073862918,0.053738277,24,SANTA MARIA DE ARARAS,Haras SANTA MARIA DE ARARAS,10-04-2025,13-04-2025,argsales,https://arg-sales.com//remates/view/345,1,False
ORTODOXA,444081,SOVEREIGN (IRE),SANTISIMA,2023-07-22,Female,0.73967445,0.049738016,0.036789939,48,EL MALLIN,COPA BULLRICH ABRIL . 14h,10/04/2025,10/04/2025,bullrich,https://antoniobullrich.com//remates/copa-bullrich-abril-14h/lotes,1,False
OSTENTOSO,441765,DANIEL BOONE (BRZ),ORANGE AND GREEN,2023-07-21,Male,0.6604079,0.13125482,0.086681724,20,SANTA MARIA DE ARARAS,Haras SANTA MARIA DE ARARAS,10-04-2025,13-04-2025,argsales,https://arg-sales.com//remates/view/345,1,False
OTIS BLUE,445460,UNCLE CHUCK (USA),ORPEN MOON,2023-09-29,Male,0.681732,0.072082706,0.049141087,24,SANTA INES,COPA BULLRICH ABRIL . 14h,10/04/2025,10/04/2025,bullrich,https://antoniobullrich.com//remates/copa-bullrich-abril-14h/lotes,1,False
PALABRA SANTA,447204,FULL MAST (USA),PRICE TAG,2023-10-27,Female,0.57167011,0.11400669,0.065174215,25,VACACION,Haras VACACION,26-03-2025,29-03-2025,argsales,https://arg-sales.com//remates/view/342,1,False
PALCO DE HONOR,442215,DADDY LONG LEGS (USA),PALMA DE ORO,2023-08-03,Male,0.66712409,0.054885697,0.036615569,23,EL CHANAR,COPA BULLRICH ABRIL . 14h,10/04/2025,10/04/2025,bullrich,https://antoniobullrich.com//remates/copa-bullrich-abril-14h/lotes,1,False
PAMPLONNE,443791,FORTIFY (USA),PLAGE,2023-09-04,Female,0.58543587,0.10661469,0.062416065,5,VACACION,Haras VACACION,26-03-2025,29-03-2025,argsales,https://arg-sales.com//remates/view/342,1,False
PAULEY,441688,DADDY LONG LEGS (USA),PAULETTE,2023-07-09,Male,0.61990601,0.081639454,0.050608788,34,ABOLENGO,Haras ABOLENGO,06-04-2025,08-04-2025,argsales,https://arg-sales.com//remates/view/344,1,False
PAULO SIL,442626,TREASURE BEACH (GB),PAULINE'S,2023-08-13,Male,0.6273312,0.049623996,0.031130681,51,ABOLENGO,Haras ABOLENGO,06-04-2025,08-04-2025,argsales,https://arg-sales.com//remates/view/344,1,False
PERISTALTICA,270635,INTERPRETE,PEDIFORM (USA),2006-07-18,Female,0.75541979,0.10684996,0.080716573,52,LA PASION,REMATE DE YEGUAS MADRES - FIRMAMENTO Y LA PASION . 14h,27/03/2025,27/03/2025,bullrich,https://antoniobullrich.com//remates/remate-de-yeguas-madres-firmamento-y-la-pasion-14h/lotes,18,True
PERUGIA EMPER,316762,EMPEROR JONES (USA),PERUGIA,2011-09-01,Female,0.60960573,0.061583359,0.037541568,53,FIRMAMENTO,REMATE DE YEGUAS MADRES - FIRMAMENTO Y LA PASION . 14h,27/03/2025,27/03/2025,bullrich,https://antoniobullrich.com//remates/remate-de-yeguas-madres-firmamento-y-la-pasion-14h/lotes,13,True
PINTON,445503,PNEUMATIC (USA),PIBA COMO VOS,2023-10-02,Male,0.68005854,0.041542936,0.028251629,20,EL CHANAR,COPA BULLRICH ABRIL . 14h,10/04/2025,10/04/2025,bullrich,https://antoniobullrich.com//remates/copa-bullrich-abril-14h/lotes,1,False
POKER STAR,443481,COSMIC TRIGGER,POKER LADY,2023-08-26,Female,0.47791606,0.057059992,0.027269887,12,ABOLENGO,Haras ABOLENGO,06-04-2025,08-04-2025,argsales,https://arg-sales.com//remates/view/344,1,False
POLACCA,361557,EASING ALONG (USA),PALPITACION,2016-09-27,Female,0.70177621,0.093289331,0.065468229,54,LA PASION,REMATE DE YEGUAS MADRES - FIRMAMENTO Y LA PASION . 14h,27/03/2025,27/03/2025,bullrich,https://antoniobullrich.com//remates/remate-de-yeguas-madres-firmamento-y-la-pasion-14h/lotes,8,True
PORRERA,427546,EQUAL STRIPES,FORTEZZA,2021-08-25,Female,0.56729829,0.034364186,0.019494744,55,LA PASION,REMATE DE YEGUAS MADRES - FIRMAMENTO Y LA PASION . 14h,27/03/2025,27/03/2025,bullrich,https://antoniobullrich.com//remates/remate-de-yeguas-madres-firmamento-y-la-pasion-14h/lotes,3,False
POTRI JAZZ (USA),286520,SMART STRIKE (CAN),JAZZ TRADITION (USA),2006-04-13,Female,0.51839846,0.1105977,0.057333678,56,LA PASION,REMATE DE YEGUAS MADRES - FIRMAMENTO Y LA PASION . 14h,27/03/2025,27/03/2025,bullrich,https://antoniobullrich.com//remates/remate-de-yeguas-madres-firmamento-y-la-pasion-14h/lotes,18,True
PUEBLO MIO,443491,EQUAL STRIPES,PALI AIKE,2023-08-30,Male,0.45676547,0.05552727,0.025362941,27,ABOLENGO,Haras ABOLENGO,06-04-2025,08-04-2025,argsales,https://arg-sales.com//remates/view/344,1,False
PUNCH BOY,444245,DANIEL BOONE (BRZ),PERSONAL DOT,2023-09-19,Male,0.61631459,0.13310397,0.082033917,15,SANTA MARIA DE ARARAS,Haras SANTA MARIA DE ARARAS,10-04-2025,13-04-2025,argsales,https://arg-sales.com//remates/view/345,1,False
PUNTERA SIEMPRE,442287,EQUAL STRIPES,PUNTERA RYE,2023-07-29,Female,0.42195076,0.048442766,0.020440461,54,ABOLENGO,Haras ABOLENGO,06-04-2025,08-04-2025,argsales,https://arg-sales.com//remates/view/344,1,False
PUSSYCAT DOLL,287230,MUTAKDDIM (USA),THECATINTHESPAT (USA),2008-07-02,Female,0.77045077,0.069279552,0.053376485,57,LA PASION,REMATE DE YEGUAS MADRES - FIRMAMENTO Y LA PASION . 14h,27/03/2025,27/03/2025,bullrich,https://antoniobullrich.com//remates/remate-de-yeguas-madres-firmamento-y-la-pasion-14h/lotes,16,True
QUALICK,445910,DANIEL BOONE (BRZ),QUEEN KELLY,2023-10-06,Male,0.6565147,0.097367235,0.063923024,10,SANTA MARIA DE ARARAS,Haras SANTA MARIA DE ARARAS,10-04-2025,13-04-2025,argsales,https://arg-sales.com//remates/view/345,1,False
QUANDO QUERO,447383,DANIEL BOONE (BRZ),QUINDICI (USA),2023-10-18,Male,0.62816238,0.11255486,0.070702724,5,SANTA MARIA DE ARARAS,Haras SANTA MARIA DE ARARAS,10-04-2025,13-04-2025,argsales,https://arg-sales.com//remates/view/345,1,False
QUARTERBACK,443369,HIT IT A BOMB (USA),QUATRO FOLHAS,2023-08-19,Male,0.75325418,0.10095649,0.076045901,41,SANTA MARIA DE ARARAS,Haras SANTA MARIA DE ARARAS,10-04-2025,13-04-2025,argsales,https://arg-sales.com//remates/view/345,1,False
QUARTZ MAN,445906,DANIEL BOONE (BRZ),QUEEN PLUM,2023-10-03,Male,0.67762393,0.16229913,0.10997777,11,SANTA MARIA DE ARARAS,Haras SANTA MARIA DE ARARAS,10-04-2025,13-04-2025,argsales,https://arg-sales.com//remates/view/345,1,False
QUE FORTE,441769,FORTIFY (USA),QUE BELLA NOCHE,2023-07-25,Male,0.64907384,0.1690468,0.10972386,1,SANTA MARIA DE ARARAS,Haras SANTA MARIA DE ARARAS,10-04-2025,13-04-2025,argsales,https://arg-sales.com//remates/view/345,1,False
QUE TANGACHO,445901,DANIEL BOONE (BRZ),QUE SEJA DOCE,2023-09-30,Male,0.5650636,0.067962587,0.038403183,26,SANTA MARIA DE ARARAS,Haras SANTA MARIA DE ARARAS,10-04-2025,13-04-2025,argsales,https://arg-sales.com//remates/view/345,1,False
QUEEN SLAM,280959,GRAND SLAM (USA),QUEEN WONDER,2007-09-04,Female,0.70097238,0.070589453,0.049481258,58,FIRMAMENTO,REMATE DE YEGUAS MADRES - FIRMAMENTO Y LA PASION . 14h,27/03/2025,27/03/2025,bullrich,https://antoniobullrich.com//remates/remate-de-yeguas-madres-firmamento-y-la-pasion-14h/lotes,17,True
QUEEN'S BANQUET,442758,DANIEL BOONE (BRZ),QUEEN DALILLA,2023-07-28,Female,0.64333618,0.062542573,0.040235899,8,SANTA MARIA DE ARARAS,Haras SANTA MARIA DE ARARAS,10-04-2025,13-04-2025,argsales,https://arg-sales.com//remates/view/345,1,False
QUEMOSIS,444237,DANIEL BOONE (BRZ),QUICK SHE GO,2023-09-08,Female,0.49657971,0.04629381,0.022988567,17,SANTA MARIA DE ARARAS,Haras SANTA MARIA DE ARARAS,10-04-2025,13-04-2025,argsales,https://arg-sales.com//remates/view/345,1,False
QUICK SMILE,442102,FORTIFY (USA),QUISCA,2023-08-04,Female,0.62990278,0.080544062,0.05073493,29,VACACION,Haras VACACION,26-03-2025,29-03-2025,argsales,https://arg-sales.com//remates/view/342,1,False
RACE TRACK,447207,FORTIFY (USA),ROMAN LIBERTAS,2023-11-01,Male,0.65820324,0.12038199,0.079235815,10,VACACION,Haras VACACION,26-03-2025,29-03-2025,argsales,https://arg-sales.com//remates/view/342,1,False
RAINERA,418312,BODEMEISTER (USA),RADICAL LADY,2019-10-28,Female,0.68705857,0.041887678,0.028779289,59,LA PASION,REMATE DE YEGUAS MADRES - FIRMAMENTO Y LA PASION . 14h,27/03/2025,27/03/2025,bullrich,https://antoniobullrich.com//remates/remate-de-yeguas-madres-firmamento-y-la-pasion-14h/lotes,5,True
RAVISHING LOVE,316795,LIZARD ISLAND (USA),RAHY'S DARLIN (USA),2011-09-18,Female,0.75864387,0.083963633,0.063698493,60,LA PASION,REMATE DE YEGUAS MADRES - FIRMAMENTO Y LA PASION . 14h,27/03/2025,27/03/2025,bullrich,https://antoniobullrich.com//remates/remate-de-yeguas-madres-firmamento-y-la-pasion-14h/lotes,13,True
REGU,442935,PNEUMATIC (USA),REFINED WITH GLORY,2023-08-19,Male,0.63488519,0.13486533,0.085624002,17,ABOLENGO,Haras ABOLENGO,06-04-2025,08-04-2025,argsales,https://arg-sales.com//remates/view/344,1,False
REINA MATIC,444033,PNEUMATIC (USA),JOY REA,2023-09-11,Female,0.48444408,0.01173704,0.0056859395,37,EL ARROYO,COPA BULLRICH ABRIL . 14h,10/04/2025,10/04/2025,bullrich,https://antoniobullrich.com//remates/copa-bullrich-abril-14h/lotes,1,False
REMEMBER HIT,427563,HIT IT A BOMB (USA),HALO HOLIDAY,2021-08-20,Male,0.82311946,0.23526467,0.19365093,3,FIRMAMENTO,VENTA TRAINING - HARAS FIRMAMENTO . 18h,31/03/2025,31/03/2025,bullrich,https://antoniobullrich.com//remates/venta-training-haras-firmamento-18h/lotes,3,False
RIKI,445351,STORM EMBRUJADO,RED HOTSCAT'N (USA),2023-10-13,Female,0.51425451,0.050909504,0.026180442,38,LA LEYENDA,COPA BULLRICH ABRIL . 14h,10/04/2025,10/04/2025,bullrich,https://antoniobullrich.com//remates/copa-bullrich-abril-14h/lotes,1,False
ROSICA,445437,FORTIFY (USA),THE ROSY,2023-10-11,Female,0.56169283,0.11593381,0.065119192,7,ABOLENGO,Haras ABOLENGO,06-04-2025,08-04-2025,argsales,https://arg-sales.com//remates/view/344,1,False
RUDD,414055,LIZARD ISLAND (USA),RESTRAIN (USA),2019-08-15,Female,0.78858835,0.048386104,0.038156718,61,LA PASION,REMATE DE YEGUAS MADRES - FIRMAMENTO Y LA PASION . 14h,27/03/2025,27/03/2025,bullrich,https://antoniobullrich.com//remates/remate-de-yeguas-madres-firmamento-y-la-pasion-14h/lotes,5,True
SABER DECIR,444423,CITYSCAPE (GB),SKYMPY,2023-09-20,Female,0.57845235,0.097237162,0.056247067,35,VACACION,Haras VACACION,26-03-2025,29-03-2025,argsales,https://arg-sales.com//remates/view/342,1,False
SAKURA TREE,447375,DANIEL BOONE (BRZ),SAY SARAH,2023-10-13,Female,0.584966,0.049591396,0.029009281,46,SANTA MARIA DE ARARAS,Haras SANTA MARIA DE ARARAS,10-04-2025,13-04-2025,argsales,https://arg-sales.com//remates/view/345,1,False
SAKURA'S MOON,445890,JAPAN (USA),SAVANNAH'S MOON,2023-09-26,Female,0.5206542,0.043026939,0.022402156,47,SANTA MARIA DE ARARAS,Haras SANTA MARIA DE ARARAS,10-04-2025,13-04-2025,argsales,https://arg-sales.com//remates/view/345,1,False
SALVATTISTA,441763,DANIEL BOONE (BRZ),SALVA DI APPLAUSI,2023-07-18,Male,0.64290732,0.089529492,0.057559166,9,SANTA MARIA DE ARARAS,Haras SANTA MARIA DE ARARAS,10-04-2025,13-04-2025,argsales,https://arg-sales.com//remates/view/345,1,False
SAM BUSHIDO,445128,PNEUMATIC (USA),SAMBULLIDA,2023-09-30,Male,0.65123928,0.082821734,0.053936765,13,ABOLENGO,Haras ABOLENGO,06-04-2025,08-04-2025,argsales,https://arg-sales.com//remates/view/344,1,False
SAMMI BOMB,443372,HIT IT A BOMB (USA),SANTA SABINA,2023-08-04,Female,0.515064,0.067138746,0.034580752,37,SANTA MARIA DE ARARAS,Haras SANTA MARIA DE ARARAS,10-04-2025,13-04-2025,argsales,https://arg-sales.com//remates/view/345,1,False
SARRACENO,441695,DADDY LONG LEGS (USA),SERINE,2023-07-14,Male,0.68368864,0.10496366,0.071762465,10,ABOLENGO,Haras ABOLENGO,06-04-2025,08-04-2025,argsales,https://arg-sales.com//remates/view/344,1,False
SAYUMI,442934,PNEUMATIC (USA),SA TALAIA,2023-08-19,Female,0.64188302,0.10651018,0.068367079,4,ABOLENGO,Haras ABOLENGO,06-04-2025,08-04-2025,argsales,https://arg-sales.com//remates/view/344,1,False
SCOOTALOO,410421,CATCHER IN THE RYE (IRE),STORMY NINGUNA,2018-10-25,Female,0.66069305,0.039486125,0.026088208,62,LA PASION,REMATE DE YEGUAS MADRES - FIRMAMENTO Y LA PASION . 14h,27/03/2025,27/03/2025,bullrich,https://antoniobullrich.com//remates/remate-de-yeguas-madres-firmamento-y-la-pasion-14h/lotes,6,True
SERBIO,444084,SOVEREIGN (IRE),MISS SEITER,2023-07-30,Male,0.7900489,0.097476222,0.077010982,8,EL MALLIN,COPA BULLRICH ABRIL . 14h,10/04/2025,10/04/2025,bullrich,https://antoniobullrich.com//remates/copa-bullrich-abril-14h/lotes,1,False
SEVEN STARS,442760,HIT IT A BOMB (USA),SAFONA,2023-08-03,Female,0.63711464,0.11439925,0.072885439,45,SANTA MARIA DE ARARAS,Haras SANTA MARIA DE ARARAS,10-04-2025,13-04-2025,argsales,https://arg-sales.com//remates/view/345,1,False
SHANI,445031,GOUVERNEUR MORRIS (USA),SHERAH,2023-09-16,Female,0.58053786,0.048439123,0.028120745,14,SANTA INES,COPA BULLRICH ABRIL . 14h,10/04/2025,10/04/2025,bullrich,https://antoniobullrich.com//remates/copa-bullrich-abril-14h/lotes,1,False
SHY SIMONA,406767,HURRICANE CAT (USA),SHY CANDELA,2018-08-13,Female,0.72703326,0.06840723,0.049734332,63,LA PASION,REMATE DE YEGUAS MADRES - FIRMAMENTO Y LA PASION . 14h,27/03/2025,27/03/2025,bullrich,https://antoniobullrich.com//remates/remate-de-yeguas-madres-firmamento-y-la-pasion-14h/lotes,6,True
SHYGALA,441742,FORTIFY (USA),SKY WITH STARS,2023-07-07,Female,0.62551069,0.085161991,0.053269736,22,VACACION,Haras VACACION,26-03-2025,29-03-2025,argsales,https://arg-sales.com//remates/view/342,1,False
SIEMPRE CONTENTA,442672,HI HAPPY,SIEMPRE SONRIENTE,2023-08-14,Female,0.62842757,0.091760233,0.057664659,41,VACACION,Haras VACACION,26-03-2025,29-03-2025,argsales,https://arg-sales.com//remates/view/342,1,False
SIEMPRE EN VENTA,448234,SOVEREIGN (IRE),MARIAISNOTFORSALE,2023-09-22,Male,0.61699682,0.022479225,0.013869611,43,EL MALLIN,COPA BULLRICH ABRIL . 14h,10/04/2025,10/04/2025,bullrich,https://antoniobullrich.com//remates/copa-bullrich-abril-14h/lotes,1,False
SIMPLE DESEO,441815,UNCLE CHUCK (USA),SIGGY,2023-07-27,Male,0.72713637,0.090476781,0.065788962,49,VACACION,Haras VACACION,26-03-2025,29-03-2025,argsales,https://arg-sales.com//remates/view/342,1,False
SIN LIMITES,441692,TREASURE BEACH (GB),SIN FRONTERAS,2023-07-12,Male,0.60378915,0.054963708,0.033186492,18,ABOLENGO,Haras ABOLENGO,06-04-2025,08-04-2025,argsales,https://arg-sales.com//remates/view/344,1,False
SIN TU AMOR,443813,FORTIFY (USA),STORMY VAGUENESS,2023-08-27,Male,0.68485564,0.1266177,0.086714849,24,VACACION,Haras VACACION,26-03-2025,29-03-2025,argsales,https://arg-sales.com//remates/view/342,1,False
SIR LUIGI,443371,DANIEL BOONE (BRZ),SERENITY QUEEN,2023-08-27,Male,0.76259142,0.084896423,0.064741284,12,SANTA MARIA DE ARARAS,Haras SANTA MARIA DE ARARAS,10-04-2025,13-04-2025,argsales,https://arg-sales.com//remates/view/345,1,False
SLAVO,441637,SEÑOR CANDY (USA),SLOVENCA,2023-07-20,Male,0.56818372,0.016249763,0.0092328507,35,EL ARROYO,COPA BULLRICH ABRIL . 14h,10/04/2025,10/04/2025,bullrich,https://antoniobullrich.com//remates/copa-bullrich-abril-14h/lotes,1,False
SOBERANO BOONE,447382,DANIEL BOONE (BRZ),SALZBURG QUEEN,2023-10-17,Male,0.6733284,0.050355021,0.033905465,13,SANTA MARIA DE ARARAS,Haras SANTA MARIA DE ARARAS,10-04-2025,13-04-2025,argsales,https://arg-sales.com//remates/view/345,1,False
SOBERBIA NOCHE,447007,SOVEREIGN (IRE),RED KNIGHT,2023-08-15,Female,0.53367352,0.035097897,0.018730819,30,EL MALLIN,COPA BULLRICH ABRIL . 14h,10/04/2025,10/04/2025,bullrich,https://antoniobullrich.com//remates/copa-bullrich-abril-14h/lotes,1,False
SOY ROMANTICO,444422,FORTIFY (USA),SERENATA ROMANTICA,2023-09-19,Male,0.62863672,0.059363361,0.037317988,37,VACACION,Haras VACACION,26-03-2025,29-03-2025,argsales,https://arg-sales.com//remates/view/342,1,False
SPRING CHARM,441811,CITYSCAPE (GB),SPRING CLUB,2023-07-25,Female,0.53509647,0.088508807,0.047360752,47,VACACION,Haras VACACION,26-03-2025,29-03-2025,argsales,https://arg-sales.com//remates/view/342,1,False
STARRY MISS,300237,SOUTHERN HALO (USA),STAR BROWN,2009-09-17,Female,0.67500091,0.13994494,0.094462961,64,FIRMAMENTO,REMATE DE YEGUAS MADRES - FIRMAMENTO Y LA PASION . 14h,27/03/2025,27/03/2025,bullrich,https://antoniobullrich.com//remates/remate-de-yeguas-madres-firmamento-y-la-pasion-14h/lotes,15,True
STAY TUNE,445616,FORTIFY (USA),STAY IN THE GLORY,2023-09-22,Male,0.68324965,0.10412872,0.071145907,7,VACACION,Haras VACACION,26-03-2025,29-03-2025,argsales,https://arg-sales.com//remates/view/342,1,False
STOP THINKING,442283,TREASURE BEACH (GB),STALKER GIRL,2023-07-24,Male,0.58580905,0.043230031,0.025324544,60,ABOLENGO,Haras ABOLENGO,06-04-2025,08-04-2025,argsales,https://arg-sales.com//remates/view/344,1,False
STORMY BOY,443489,PNEUMATIC (USA),STORMY CONVICTA,2023-08-30,Male,0.66588014,0.079083115,0.052659877,41,ABOLENGO,Haras ABOLENGO,06-04-2025,08-04-2025,argsales,https://arg-sales.com//remates/view/344,1,False
STORMY UNCLE,441812,UNCLE CHUCK (USA),STORMY CHISTOSA,2023-07-26,Male,0.72503918,0.085458994,0.061961118,54,VACACION,Haras VACACION,26-03-2025,29-03-2025,argsales,https://arg-sales.com//remates/view/342,1,False
STORMY WEATHER,441778,UNCLE CHUCK (USA),STORMY LUNAR,2023-07-18,Male,0.74560243,0.10960725,0.081723429,34,VACACION,Haras VACACION,26-03-2025,29-03-2025,argsales,https://arg-sales.com//remates/view/342,1,False
SUMMER SEASON,444427,CITYSCAPE (GB),SOPHISTIQUE,2023-09-21,Male,0.63668108,0.12567188,0.08001291,45,VACACION,Haras VACACION,26-03-2025,29-03-2025,argsales,https://arg-sales.com//remates/view/342,1,False
SUSQUEÑA,441761,DANIEL BOONE (BRZ),SUBLIMACION,2023-07-15,Female,0.52094948,0.17975606,0.093643829,27,SANTA MARIA DE ARARAS,Haras SANTA MARIA DE ARARAS,10-04-2025,13-04-2025,argsales,https://arg-sales.com//remates/view/345,1,False
SYNDRA,443790,FORTIFY (USA),SAUDI GIRL,2023-09-03,Female,0.63188899,0.12071641,0.076279372,11,VACACION,Haras VACACION,26-03-2025,29-03-2025,argsales,https://arg-sales.com//remates/view/342,1,False
TABA IS BACK (USA),286540,PULPIT (USA),TABA STAR (USA),2007-04-19,Female,0.50796831,0.085375905,0.043368254,65,LA PASION,REMATE DE YEGUAS MADRES - FIRMAMENTO Y LA PASION . 14h,27/03/2025,27/03/2025,bullrich,https://antoniobullrich.com//remates/remate-de-yeguas-madres-firmamento-y-la-pasion-14h/lotes,17,True
TABLIT,443373,HIT IT A BOMB (USA),TAIKA,2023-08-05,Female,0.50157565,0.073787071,0.037009798,48,SANTA MARIA DE ARARAS,Haras SANTA MARIA DE ARARAS,10-04-2025,13-04-2025,argsales,https://arg-sales.com//remates/view/345,1,False
TAKE ONE,447391,JAPAN (USA),TAKEN AWAY (BRZ),2023-10-28,Male,0.62075567,0.096204862,0.059719715,35,SANTA MARIA DE ARARAS,Haras SANTA MARIA DE ARARAS,10-04-2025,13-04-2025,argsales,https://arg-sales.com//remates/view/345,1,False
TALK TO ME,442105,FORTIFY (USA),TODA UNA SEÑORA,2023-08-05,Male,0.72494996,0.074636765,0.054107919,17,VACACION,Haras VACACION,26-03-2025,29-03-2025,argsales,https://arg-sales.com//remates/view/342,1,False
TAN ALEGRE,302544,SOUTHERN HALO (USA),ALEGRIA MIA,2009-10-08,Female,0.69055241,0.067496635,0.046609964,66,FIRMAMENTO,REMATE DE YEGUAS MADRES - FIRMAMENTO Y LA PASION . 14h,27/03/2025,27/03/2025,bullrich,https://antoniobullrich.com//remates/remate-de-yeguas-madres-firmamento-y-la-pasion-14h/lotes,15,True
TAN FELIZ,446562,UNCLE CHUCK (USA),TRIGORIA,2023-10-19,Male,0.64444065,0.11823978,0.076198526,51,VACACION,Haras VACACION,26-03-2025,29-03-2025,argsales,https://arg-sales.com//remates/view/342,1,False
TAREA DIFICIL,441810,FORTIFY (USA),TRILOGIQUE,2023-07-23,Female,0.62727058,0.095709674,0.060035862,9,VACACION,Haras VACACION,26-03-2025,29-03-2025,argsales,https://arg-sales.com//remates/view/342,1,False
TAREA FACIL,443796,FORTIFY (USA),TEMIDA RYE,2023-09-07,Female,0.60795355,0.06884934,0.041857202,8,VACACION,Haras VACACION,26-03-2025,29-03-2025,argsales,https://arg-sales.com//remates/view/342,1,False
TAREA SIMPLE,444417,UNCLE CHUCK (USA),TAMARIU,2023-09-17,Female,0.56783658,0.075375997,0.04280125,48,VACACION,Haras VACACION,26-03-2025,29-03-2025,argsales,https://arg-sales.com//remates/view/342,1,False
TATTO BLACK,441766,DANIEL BOONE (BRZ),TATTOUM,2023-07-21,Male,0.7007162,0.10556891,0.073973842,30,SANTA MARIA DE ARARAS,Haras SANTA MARIA DE ARARAS,10-04-2025,13-04-2025,argsales,https://arg-sales.com//remates/view/345,1,False
TAX FREE,444420,TREASURE BEACH (GB),TIMBERLINE,2023-09-19,Male,0.6429134,0.11536244,0.074168056,32,VACACION,Haras VACACION,26-03-2025,29-03-2025,argsales,https://arg-sales.com//remates/view/342,1,False
TEAM VIOLET,444542,DANIEL BOONE (BRZ),TALK OF ANGELS,2023-09-05,Female,0.62856406,0.05770772,0.036272999,36,SANTA MARIA DE ARARAS,Haras SANTA MARIA DE ARARAS,10-04-2025,13-04-2025,argsales,https://arg-sales.com//remates/view/345,1,False
TELEGRAM,444085,SOVEREIGN (IRE),WHATSAPEAME,2023-08-04,Male,0.70719498,0.044827599,0.031701852,39,EL MALLIN,COPA BULLRICH ABRIL . 14h,10/04/2025,10/04/2025,bullrich,https://antoniobullrich.com//remates/copa-bullrich-abril-14h/lotes,1,False
TENAZ SOY,442284,EQUAL STRIPES,TENACEA,2023-07-24,Female,0.43889898,0.035000727,0.015361783,32,ABOLENGO,Haras ABOLENGO,06-04-2025,08-04-2025,argsales,https://arg-sales.com//remates/view/344,1,False
TENER RESPETO,444416,CITYSCAPE (GB),TRASPARENZA,2023-09-15,Male,0.49028513,0.10464953,0.051308107,42,VACACION,Haras VACACION,26-03-2025,29-03-2025,argsales,https://arg-sales.com//remates/view/342,1,False
THUNDER BAMBA,282272,THUNDER GULCH (USA),BAMBA FITZ,2007-09-24,Female,0.63474178,0.18454191,0.11713646,67,FIRMAMENTO,REMATE DE YEGUAS MADRES - FIRMAMENTO Y LA PASION . 14h,27/03/2025,27/03/2025,bullrich,https://antoniobullrich.com//remates/remate-de-yeguas-madres-firmamento-y-la-pasion-14h/lotes,17,True
TIERNA MIRADA,441783,FORTIFY (USA),THURMAN,2023-07-21,Female,0.64659888,0.062822714,0.040621098,21,VACACION,Haras VACACION,26-03-2025,29-03-2025,argsales,https://arg-sales.com//remates/view/342,1,False
TIKTOKERA,443619,PNEUMATIC (USA),TESALICA,2023-08-28,Female,0.46241578,0.020302663,0.0093882717,57,ABOLENGO,Haras ABOLENGO,06-04-2025,08-04-2025,argsales,https://arg-sales.com//remates/view/344,1,False
TINCHINIO,445491,SOVEREIGN (IRE),TONINHA,2023-09-29,Male,0.7738623,0.056037113,0.043365009,33,EL MALLIN,COPA BULLRICH ABRIL . 14h,10/04/2025,10/04/2025,bullrich,https://antoniobullrich.com//remates/copa-bullrich-abril-14h/lotes,1,False
TINTA CHINA (USA),374284,ENGLISH CHANNEL (USA),TING A FOLIE,2009-03-01,Female,0.61185408,0.15492116,0.09478914,68,LA PASION,REMATE DE YEGUAS MADRES - FIRMAMENTO Y LA PASION . 14h,27/03/2025,27/03/2025,bullrich,https://antoniobullrich.com//remates/remate-de-yeguas-madres-firmamento-y-la-pasion-14h/lotes,16,True
TIZNOW FOREVER,432367,MIDSHIPMAN (USA),TIZ FOREVER (USA),2021-03-20,Male,0.62062484,0.11107607,0.068936571,1,FIRMAMENTO,VENTA TRAINING - HARAS FIRMAMENTO . 18h,31/03/2025,31/03/2025,bullrich,https://antoniobullrich.com//remates/venta-training-haras-firmamento-18h/lotes,4,False
TOULOUSE,443370,DANIEL BOONE (BRZ),TATIE QUEEN,2023-08-20,Male,0.68623483,0.10386509,0.071275838,14,SANTA MARIA DE ARARAS,Haras SANTA MARIA DE ARARAS,10-04-2025,13-04-2025,argsales,https://arg-sales.com//remates/view/345,1,False
TROVATORE,445905,DANIEL BOONE (BRZ),TRI BACANA (USA),2023-10-02,Male,0.63853359,0.079486124,0.050754562,29,SANTA MARIA DE ARARAS,Haras SANTA MARIA DE ARARAS,10-04-2025,13-04-2025,argsales,https://arg-sales.com//remates/view/345,1,False
TRUCO GALLO,445896,FORTIFY (USA),TROPEADORA,2023-09-27,Male,0.61981368,0.17143972,0.10626069,2,SANTA MARIA DE ARARAS,Haras SANTA MARIA DE ARARAS,10-04-2025,13-04-2025,argsales,https://arg-sales.com//remates/view/345,1,False
TRUMAN CAPOTE,447000,NICHOLAS,GOLIGHTLY,2023-09-17,Male,0.52756059,0.023436246,0.01236404,52,EL MALLIN,COPA BULLRICH ABRIL . 14h,10/04/2025,10/04/2025,bullrich,https://antoniobullrich.com//remates/copa-bullrich-abril-14h/lotes,1,False
TU MISMA,441776,UNCLE CHUCK (USA),TIMBORERA,2023-07-16,Female,0.65376031,0.074221954,0.048523366,44,VACACION,Haras VACACION,26-03-2025,29-03-2025,argsales,https://arg-sales.com//remates/view/342,1,False
TWEEDY GUY,442774,UNCLE CHUCK (USA),TWEEDY LADY,2023-07-30,Male,0.67432982,0.067980126,0.045841027,11,SANTA INES,COPA BULLRICH ABRIL . 14h,10/04/2025,10/04/2025,bullrich,https://antoniobullrich.com//remates/copa-bullrich-abril-14h/lotes,1,False
UN RELAMPAGO,443831,TREASURE BEACH (GB),UNA DIOSA,2023-08-27,Male,0.5829137,0.054376725,0.031696938,9,EL CHANAR,COPA BULLRICH ABRIL . 14h,10/04/2025,10/04/2025,bullrich,https://antoniobullrich.com//remates/copa-bullrich-abril-14h/lotes,1,False
UNA BANDA,447010,SOVEREIGN (IRE),UNA BOCHA,2023-10-11,Female,0.69745976,0.065244608,0.045505486,44,EL MALLIN,COPA BULLRICH ABRIL . 14h,10/04/2025,10/04/2025,bullrich,https://antoniobullrich.com//remates/copa-bullrich-abril-14h/lotes,1,False
UNICA PASION,442181,CITYSCAPE (GB),UNA SEÑORA,2023-08-06,Female,0.63345122,0.070050009,0.044373263,39,VACACION,Haras VACACION,26-03-2025,29-03-2025,argsales,https://arg-sales.com//remates/view/342,1,False
UNICA SANTA,420340,SANTILLANO,UNBRIDLED IDOL (USA),2020-08-11,Female,0.70642102,0.025747597,0.018188644,69,LA PASION,REMATE DE YEGUAS MADRES - FIRMAMENTO Y LA PASION . 14h,27/03/2025,27/03/2025,bullrich,https://antoniobullrich.com//remates/remate-de-yeguas-madres-firmamento-y-la-pasion-14h/lotes,4,False
UNNA GENIA,442943,PNEUMATIC (USA),UCRANIAN GIRL,2023-08-23,Female,0.62635946,0.039629154,0.024822095,33,ABOLENGO,Haras ABOLENGO,06-04-2025,08-04-2025,argsales,https://arg-sales.com//remates/view/344,1,False
VAE SOLI,447387,DANIEL BOONE (BRZ),VISION OF MOON,2023-10-19,Male,0.61596978,0.11626837,0.071617797,31,SANTA MARIA DE ARARAS,Haras SANTA MARIA DE ARARAS,10-04-2025,13-04-2025,argsales,https://arg-sales.com//remates/view/345,1,False
VERTIGINOSO,447381,JAPAN (USA),VIVA LAS VEGAS,2023-10-15,Male,0.65434647,0.040358853,0.026408672,42,SANTA MARIA DE ARARAS,Haras SANTA MARIA DE ARARAS,10-04-2025,13-04-2025,argsales,https://arg-sales.com//remates/view/345,1,False
VETTORA,343416,EQUAL STRIPES,STORMY VENTURADA,2014-08-28,Female,0.67112416,0.060020376,0.040281124,70,LA PASION,REMATE DE YEGUAS MADRES - FIRMAMENTO Y LA PASION . 14h,27/03/2025,27/03/2025,bullrich,https://antoniobullrich.com//remates/remate-de-yeguas-madres-firmamento-y-la-pasion-14h/lotes,10,True
VIL BOMB,430784,HIT IT A BOMB (USA),STORMY VIL,2021-10-19,Female,0.70320964,0.086966313,0.06115555,6,FIRMAMENTO,VENTA TRAINING - HARAS FIRMAMENTO . 18h,31/03/2025,31/03/2025,bullrich,https://antoniobullrich.com//remates/venta-training-haras-firmamento-18h/lotes,3,False
VIVANTA (IRE),389592,INVINCIBLE SPIRIT (IRE),VADORGA,2011-04-16,Female,0.25519115,0.076294497,0.01946968,71,LA PASION,REMATE DE YEGUAS MADRES - FIRMAMENTO Y LA PASION . 14h,27/03/2025,27/03/2025,bullrich,https://antoniobullrich.com//remates/remate-de-yeguas-madres-firmamento-y-la-pasion-14h/lotes,13,True
VIVIR EN PAZ,445453,FORTIFY (USA),VITOLIA,2023-09-14,Male,0.72592092,0.1468745,0.10661928,28,VACACION,Haras VACACION,26-03-2025,29-03-2025,argsales,https://arg-sales.com//remates/view/342,1,False
VOLKOVA,315048,EASING ALONG (USA),VLYTAVA,2011-08-22,Female,0.78653783,0.091342621,0.071844429,72,LA PASION,REMATE DE YEGUAS MADRES - FIRMAMENTO Y LA PASION . 14h,27/03/2025,27/03/2025,bullrich,https://antoniobullrich.com//remates/remate-de-yeguas-madres-firmamento-y-la-pasion-14h/lotes,13,True
WELLINGTON CITY,436812,CITYSCAPE (GB),WELCOME CRAF,2022-09-21,Male,0.65009087,0.10422795,0.067757644,9,FIRMAMENTO,VENTA TRAINING - HARAS FIRMAMENTO . 18h,31/03/2025,31/03/2025,bullrich,https://antoniobullrich.com//remates/venta-training-haras-firmamento-18h/lotes,2,False
WONDERFUL HALO,290532,SOUTHERN HALO (USA),MISS WONDERFUL,2008-09-13,Female,0.71524775,0.15919271,0.11386223,73,FIRMAMENTO,REMATE DE YEGUAS MADRES - FIRMAMENTO Y LA PASION . 14h,27/03/2025,27/03/2025,bullrich,https://antoniobullrich.com//remates/remate-de-yeguas-madres-firmamento-y-la-pasion-14h/lotes,16,True
WOODY MATIC,444027,PNEUMATIC (USA),WAVE PEDANT,2023-09-18,Male,0.44302014,0.027646638,0.012248018,29,EL ARROYO,COPA BULLRICH ABRIL . 14h,10/04/2025,10/04/2025,bullrich,https://antoniobullrich.com//remates/copa-bullrich-abril-14h/lotes,1,False
